n_elements,n_sources,snr_db,n_trials,rmse_deg,p50_deg,p90_deg,p99_deg,detection_rate,det_ci_lo,det_ci_hi
4,1,-15,1000,5.40021,4.5085,8.72728,9.81501,0.313,0.285,0.3424
4,1,-14,1000,5.18332,4.2284,8.3302,9.85994,0.416,0.3858,0.4468
4,1,-13,1000,5.0703,4.1493,8.4184,9.76821,0.466,0.4353,0.497
4,1,-12,1000,5.07486,4.0431,8.22282,9.81902,0.565,0.5341,0.5954
4,1,-11,1000,4.93568,3.5179,8.27,9.79895,0.703,0.6739,0.7305
4,1,-10,1000,4.35503,3.05025,7.43281,9.77857,0.792,0.7657,0.816
4,1,-9,1000,4.18121,2.80945,7.29604,9.50809,0.868,0.8456,0.8876
4,1,-8,1000,3.65506,2.3062,6.32821,9.39184,0.934,0.9169,0.9478
4,1,-7,1000,3.0813,2.0335,5.09119,8.04261,0.954,0.9392,0.9653
4,1,-6,1000,2.91506,1.7322,5.00348,8.49117,0.975,0.9634,0.983
4,1,-5,1000,2.48697,1.4322,4.12071,7.51062,0.982,0.9717,0.9886
4,1,-4,1000,2.35066,1.2395,3.74236,8.10216,0.985,0.9754,0.9909
4,1,-3,1000,1.90917,1.07175,2.88207,6.49304,0.99,0.9817,0.9946
4,1,-2,1000,1.72479,0.9556,2.6628,5.84457,0.991,0.983,0.9953
4,1,-1,1000,1.51671,0.7885,2.35132,4.78898,0.997,0.9912,0.999
4,1,0,1000,1.29424,0.6221,1.96866,4.45497,0.997,0.9912,0.999
4,1,1,1000,1.25057,0.637,1.88718,4.44044,0.999,0.9944,0.9998
4,1,2,1000,1.0244,0.51355,1.49037,3.55989,1.0,0.9962,1.0
4,1,3,1000,0.96267,0.47305,1.42194,3.43681,1.0,0.9962,1.0
4,1,4,1000,0.82224,0.40015,1.29368,2.89571,1.0,0.9962,1.0
4,1,5,1000,0.71795,0.37345,1.0204,2.63884,1.0,0.9962,1.0
4,1,6,1000,0.64805,0.2941,0.96806,2.29763,1.0,0.9962,1.0
4,1,7,1000,0.59286,0.25915,0.8394,2.16754,1.0,0.9962,1.0
4,1,8,1000,0.49023,0.24815,0.7256,1.72194,1.0,0.9962,1.0
4,1,9,1000,0.42594,0.20905,0.61476,1.65072,1.0,0.9962,1.0
4,1,10,1000,0.40477,0.1893,0.5831,1.62404,1.0,0.9962,1.0
4,1,11,1000,0.34308,0.17765,0.51519,1.26871,1.0,0.9962,1.0
4,1,12,1000,0.31364,0.1547,0.50039,1.0735,1.0,0.9962,1.0
4,1,13,1000,0.29513,0.1413,0.40536,1.03063,1.0,0.9962,1.0
4,1,14,1000,0.24499,0.11825,0.35281,0.92152,1.0,0.9962,1.0
4,1,15,1000,0.22118,0.1032,0.34753,0.78734,1.0,0.9962,1.0
4,1,16,1000,0.18807,0.0881,0.27284,0.65735,1.0,0.9962,1.0
4,1,17,1000,0.1694,0.0862,0.26403,0.56992,1.0,0.9962,1.0
4,1,18,1000,0.15609,0.07795,0.23749,0.59462,1.0,0.9962,1.0
4,1,19,1000,0.13057,0.0642,0.19604,0.46893,1.0,0.9962,1.0
4,1,20,1000,0.12278,0.05825,0.17614,0.4426,1.0,0.9962,1.0
4,1,21,1000,0.11708,0.05295,0.17356,0.38681,1.0,0.9962,1.0
4,1,22,1000,0.09704,0.04935,0.14831,0.34914,1.0,0.9962,1.0
4,1,23,1000,0.08056,0.03965,0.12334,0.29945,1.0,0.9962,1.0
4,1,24,1000,0.07222,0.03885,0.10844,0.23158,1.0,0.9962,1.0
4,1,25,1000,0.07011,0.03265,0.10264,0.25123,1.0,0.9962,1.0
4,1,26,1000,0.06259,0.0309,0.08842,0.2398,1.0,0.9962,1.0
4,1,27,1000,0.05191,0.02435,0.07063,0.19182,1.0,0.9962,1.0
4,1,28,1000,0.04835,0.0228,0.07386,0.18792,1.0,0.9962,1.0
4,1,29,1000,0.0452,0.02065,0.06334,0.17594,1.0,0.9962,1.0
4,1,30,1000,0.039,0.0201,0.05976,0.12681,1.0,0.9962,1.0
4,2,-15,1000,5.37783,4.24585,8.69808,9.89744,0.39,0.3602,0.4206
4,2,-14,1000,5.38443,4.2661,8.8483,9.78046,0.436,0.4056,0.4669
4,2,-13,1000,5.2765,4.1192,8.5627,9.84235,0.551,0.52,0.5816
4,2,-12,1000,4.93104,3.60635,8.2137,9.8521,0.586,0.5552,0.6161
4,2,-11,1000,4.91342,3.7709,8.21268,9.88729,0.625,0.5946,0.6545
4,2,-10,1000,4.84212,3.5469,8.20421,9.64912,0.71,0.6811,0.7373
4,2,-9,1000,4.28936,2.8799,7.44105,9.77466,0.79,0.7637,0.8141
4,2,-8,1000,3.88602,2.4389,6.74136,9.59416,0.837,0.8128,0.8586
4,2,-7,1000,3.63425,2.241,6.3571,9.55996,0.868,0.8456,0.8876
4,2,-6,1000,3.2762,1.8152,5.71034,8.74618,0.889,0.868,0.907
4,2,-5,1000,3.03041,1.57035,5.21258,9.16848,0.912,0.8928,0.928
4,2,-4,1000,2.78047,1.4346,4.68002,8.62344,0.917,0.8983,0.9325
4,2,-3,1000,2.61362,1.1518,4.49124,8.71835,0.937,0.9202,0.9505
4,2,-2,1000,2.45929,0.99925,4.21117,8.72054,0.954,0.9392,0.9653
4,2,-1,1000,2.26268,0.8942,3.5922,8.36188,0.949,0.9336,0.961
4,2,0,1000,1.96134,0.8369,2.85642,7.84983,0.963,0.9494,0.973
4,2,1,1000,1.91392,0.72045,2.79793,7.99866,0.962,0.9483,0.9722
4,2,2,1000,1.77566,0.62365,2.49623,7.51203,0.962,0.9483,0.9722
4,2,3,1000,1.78615,0.5337,2.42202,8.71937,0.982,0.9717,0.9886
4,2,4,1000,1.78091,0.524,2.23512,7.84942,0.977,0.9657,0.9846
4,2,5,1000,1.30217,0.4043,1.6834,5.54308,0.985,0.9754,0.9909
4,2,6,1000,1.39737,0.3922,1.6884,6.54366,0.987,0.9779,0.9924
4,2,7,1000,1.19169,0.33865,1.50372,5.83721,0.984,0.9742,0.9901
4,2,8,1000,1.14193,0.3062,1.50362,5.03612,0.993,0.9856,0.9966
4,2,9,1000,1.09022,0.2609,1.1459,5.05284,0.991,0.983,0.9953
4,2,10,1000,0.94815,0.2361,1.0129,4.29329,0.996,0.9898,0.9984
4,2,11,1000,0.80147,0.2137,0.92908,3.52611,0.997,0.9912,0.999
4,2,12,1000,0.87335,0.18225,0.864,4.19075,0.996,0.9898,0.9984
4,2,13,1000,0.86148,0.1738,0.79472,4.18891,0.997,0.9912,0.999
4,2,14,1000,0.80414,0.148,0.71036,4.09895,0.998,0.9927,0.9995
4,2,15,1000,0.70194,0.1324,0.5847,2.68058,0.998,0.9927,0.9995
4,2,16,1000,0.73594,0.1214,0.53275,3.33191,1.0,0.9962,1.0
4,2,17,1000,0.51803,0.0987,0.47466,2.30681,0.997,0.9912,0.999
4,2,18,1000,0.63446,0.0949,0.42344,2.82192,0.999,0.9944,0.9998
4,2,19,1000,0.51638,0.0824,0.402,2.44251,0.999,0.9944,0.9998
4,2,20,1000,0.40635,0.08145,0.3939,1.74773,1.0,0.9962,1.0
4,2,21,1000,0.42174,0.06875,0.31948,2.17894,1.0,0.9962,1.0
4,2,22,1000,0.35407,0.06155,0.26808,1.00007,1.0,0.9962,1.0
4,2,23,1000,0.38135,0.05235,0.27105,1.85181,1.0,0.9962,1.0
4,2,24,1000,0.31815,0.0465,0.20726,2.04534,0.999,0.9944,0.9998
4,2,25,1000,0.28308,0.0435,0.20127,1.38072,1.0,0.9962,1.0
4,2,26,1000,0.22655,0.03585,0.17387,0.89922,1.0,0.9962,1.0
4,2,27,1000,0.17831,0.03355,0.15666,0.87153,1.0,0.9962,1.0
4,2,28,1000,0.17913,0.03035,0.13921,0.75097,1.0,0.9962,1.0
4,2,29,1000,0.14739,0.02425,0.10511,0.46736,1.0,0.9962,1.0
4,2,30,1000,0.1992,0.0227,0.10863,0.5834,1.0,0.9962,1.0
4,3,-15,1000,5.95363,5.2608,9.12858,9.86641,0.308,0.2802,0.3373
4,3,-14,1000,5.60853,5.03605,8.56503,9.84097,0.334,0.3055,0.3638
4,3,-13,1000,5.52064,4.57175,8.4696,9.89735,0.336,0.3074,0.3659
4,3,-12,1000,5.52772,4.57295,8.641,9.81131,0.366,0.3367,0.3963
4,3,-11,1000,5.23178,4.28085,8.51635,9.67103,0.386,0.3563,0.4166
4,3,-10,1000,5.21603,3.89805,8.67039,9.72609,0.432,0.4016,0.4629
4,3,-9,1000,5.3616,4.31785,8.56494,9.82476,0.458,0.4273,0.489
4,3,-8,1000,5.28694,4.07755,8.7396,9.88815,0.476,0.4452,0.507
4,3,-7,1000,5.06916,3.7325,8.57882,9.81284,0.543,0.512,0.5737
4,3,-6,1000,4.89913,3.35375,8.33847,9.89204,0.578,0.5471,0.6083
4,3,-5,1000,4.86884,3.42915,8.15522,9.54269,0.638,0.6077,0.6672
4,3,-4,1000,4.7901,3.5038,8.2245,9.78548,0.621,0.5905,0.6506
4,3,-3,1000,4.48686,3.08905,7.83714,9.86137,0.684,0.6545,0.7121
4,3,-2,1000,4.19066,2.5235,7.4241,9.45137,0.706,0.677,0.7334
4,3,-1,1000,4.14741,2.4889,7.18099,9.79807,0.728,0.6996,0.7547
4,3,0,1000,4.03627,2.1731,7.2087,9.70932,0.781,0.7543,0.8055
4,3,1,1000,3.78316,1.9276,6.85022,9.51897,0.792,0.7657,0.816
4,3,2,1000,3.61566,2.0043,6.51438,9.61634,0.795,0.7689,0.8189
4,3,3,1000,3.40859,1.7052,6.2753,9.03979,0.831,0.8065,0.853
4,3,4,1000,3.45312,1.6679,6.07523,9.3667,0.86,0.8371,0.8801
4,3,5,1000,3.19139,1.36515,5.82919,9.31033,0.88,0.8584,0.8987
4,3,6,1000,3.21689,1.2948,5.77964,9.65905,0.878,0.8563,0.8969
4,3,7,1000,2.75817,1.07915,4.90056,8.6611,0.894,0.8734,0.9116
4,3,8,1000,2.64702,0.9899,4.59606,8.79897,0.907,0.8874,0.9235
4,3,9,1000,2.82321,0.90765,5.06582,9.20325,0.93,0.9125,0.9442
4,3,10,1000,2.57937,0.9332,4.36472,8.79633,0.933,0.9158,0.9469
4,3,11,1000,2.47578,0.72095,4.21445,9.01639,0.944,0.928,0.9566
4,3,12,1000,2.34767,0.65665,3.78164,8.46298,0.95,0.9347,0.9619
4,3,13,1000,2.29987,0.6662,3.79094,8.42207,0.965,0.9517,0.9747
4,3,14,1000,1.95349,0.612,3.28874,7.17641,0.963,0.9494,0.973
4,3,15,1000,1.96743,0.5488,3.2121,8.07794,0.981,0.9705,0.9878
4,3,16,1000,1.73441,0.4281,2.72656,6.63344,0.987,0.9779,0.9924
4,3,17,1000,1.67119,0.4011,2.46352,7.23523,0.983,0.9729,0.9894
4,3,18,1000,1.63023,0.3485,2.31936,7.5145,0.975,0.9634,0.983
4,3,19,1000,1.48089,0.3453,1.9167,6.97091,0.987,0.9779,0.9924
4,3,20,1000,1.39937,0.2767,1.64918,6.22743,0.983,0.9729,0.9894
4,3,21,1000,1.29498,0.2675,1.66844,5.37303,0.989,0.9804,0.9938
4,3,22,1000,1.22408,0.2195,1.52786,5.62751,0.995,0.9883,0.9979
4,3,23,1000,1.07445,0.20345,1.31623,4.53508,0.992,0.9843,0.9959
4,3,24,1000,1.08201,0.17135,1.32175,4.93568,0.996,0.9898,0.9984
4,3,25,1000,0.90343,0.1828,1.07816,3.98146,0.999,0.9944,0.9998
4,3,26,1000,0.82961,0.1469,0.91736,3.54471,0.999,0.9944,0.9998
4,3,27,1000,0.84988,0.1464,0.94676,3.6638,0.999,0.9944,0.9998
4,3,28,1000,0.73389,0.1082,0.79978,2.9374,0.999,0.9944,0.9998
4,3,29,1000,0.66752,0.1086,0.7983,3.02448,0.999,0.9944,0.9998
4,3,30,1000,0.49229,0.0939,0.61688,2.30043,0.998,0.9927,0.9995
6,1,-15,1000,5.166,3.9319,8.66052,9.94983,0.393,0.3632,0.4236
6,1,-14,1000,4.79085,3.5835,8.1379,9.76362,0.533,0.502,0.5637
6,1,-13,1000,4.3585,3.0138,7.36068,9.61928,0.637,0.6067,0.6662
6,1,-12,1000,4.39373,2.8864,7.74362,9.68667,0.782,0.7554,0.8065
6,1,-11,1000,3.92896,2.5568,6.74444,9.72531,0.857,0.8339,0.8773
6,1,-10,1000,3.40332,1.9024,5.77773,9.23625,0.924,0.9059,0.9389
6,1,-9,1000,2.86263,1.6236,4.83106,8.46158,0.967,0.954,0.9764
6,1,-8,1000,2.55306,1.3418,4.3441,7.76152,0.987,0.9779,0.9924
6,1,-7,1000,2.07556,1.1612,3.30812,6.77957,0.989,0.9804,0.9938
6,1,-6,1000,1.75536,0.971,2.84052,5.53482,0.992,0.9843,0.9959
6,1,-5,1000,1.63701,0.8272,2.40756,5.44096,0.995,0.9883,0.9979
6,1,-4,1000,1.39158,0.6932,2.09523,4.75524,0.998,0.9927,0.9995
6,1,-3,1000,1.28483,0.5961,1.9128,4.37423,0.999,0.9944,0.9998
6,1,-2,1000,1.09948,0.5089,1.60396,3.99102,1.0,0.9962,1.0
6,1,-1,1000,0.90616,0.44315,1.32194,3.26667,1.0,0.9962,1.0
6,1,0,1000,0.77977,0.3809,1.14235,2.82218,1.0,0.9962,1.0
6,1,1,1000,0.67688,0.3197,1.07561,2.28028,1.0,0.9962,1.0
6,1,2,1000,0.60248,0.31485,0.91288,2.06988,1.0,0.9962,1.0
6,1,3,1000,0.55669,0.25955,0.78417,1.92352,1.0,0.9962,1.0
6,1,4,1000,0.48853,0.22265,0.73156,1.84075,1.0,0.9962,1.0
6,1,5,1000,0.43919,0.2178,0.63192,1.64358,1.0,0.9962,1.0
6,1,6,1000,0.40961,0.19555,0.57636,1.3768,1.0,0.9962,1.0
6,1,7,1000,0.34062,0.16865,0.49054,1.35803,1.0,0.9962,1.0
6,1,8,1000,0.31281,0.14735,0.45774,1.15307,1.0,0.9962,1.0
6,1,9,1000,0.25901,0.1334,0.38303,0.9549,1.0,0.9962,1.0
6,1,10,1000,0.24156,0.1144,0.35422,0.8492,1.0,0.9962,1.0
6,1,11,1000,0.20668,0.10305,0.29492,0.78519,1.0,0.9962,1.0
6,1,12,1000,0.19498,0.09115,0.27714,0.67422,1.0,0.9962,1.0
6,1,13,1000,0.16336,0.0792,0.24871,0.60659,1.0,0.9962,1.0
6,1,14,1000,0.14771,0.07255,0.21782,0.55282,1.0,0.9962,1.0
6,1,15,1000,0.12413,0.0638,0.19426,0.41448,1.0,0.9962,1.0
6,1,16,1000,0.11975,0.05655,0.18427,0.41757,1.0,0.9962,1.0
6,1,17,1000,0.10597,0.04775,0.15094,0.37636,1.0,0.9962,1.0
6,1,18,1000,0.08987,0.0446,0.13619,0.30622,1.0,0.9962,1.0
6,1,19,1000,0.08396,0.03985,0.12717,0.29027,1.0,0.9962,1.0
6,1,20,1000,0.07446,0.0368,0.11004,0.26432,1.0,0.9962,1.0
6,1,21,1000,0.0667,0.03185,0.09714,0.21996,1.0,0.9962,1.0
6,1,22,1000,0.05666,0.02905,0.08694,0.18931,1.0,0.9962,1.0
6,1,23,1000,0.05288,0.02555,0.0798,0.17224,1.0,0.9962,1.0
6,1,24,1000,0.04497,0.0233,0.06502,0.16402,1.0,0.9962,1.0
6,1,25,1000,0.03987,0.01995,0.06276,0.13778,1.0,0.9962,1.0
6,1,26,1000,0.03841,0.0164,0.05751,0.14068,1.0,0.9962,1.0
6,1,27,1000,0.03328,0.01635,0.05165,0.11481,1.0,0.9962,1.0
6,1,28,1000,0.02988,0.0148,0.04201,0.10972,1.0,0.9962,1.0
6,1,29,1000,0.02639,0.0136,0.0393,0.096,1.0,0.9962,1.0
6,1,30,1000,0.02205,0.011,0.03392,0.07681,1.0,0.9962,1.0
6,2,-15,1000,5.23522,4.1802,8.4563,9.8041,0.491,0.4601,0.522
6,2,-14,1000,4.85001,3.5887,8.13172,9.86954,0.548,0.517,0.5786
6,2,-13,1000,4.63074,3.2796,7.78545,9.60221,0.666,0.6362,0.6945
6,2,-12,1000,4.43683,2.90605,7.7856,9.74211,0.744,0.7161,0.7701
6,2,-11,1000,3.97152,2.5091,6.77514,9.3759,0.833,0.8086,0.8548
6,2,-10,1000,3.57888,2.0351,6.12106,9.32213,0.897,0.8766,0.9143
6,2,-9,1000,3.10772,1.7299,5.36958,8.67172,0.927,0.9092,0.9415
6,2,-8,1000,2.82377,1.3916,4.64206,8.73944,0.947,0.9313,0.9593
6,2,-7,1000,2.36736,1.2851,3.74036,7.73373,0.953,0.9381,0.9645
6,2,-6,1000,2.22577,0.9557,3.39764,8.03805,0.972,0.9598,0.9806
6,2,-5,1000,2.01211,0.9124,3.00954,7.26609,0.977,0.9657,0.9846
6,2,-4,1000,1.78983,0.7832,2.6382,6.72388,0.981,0.9705,0.9878
6,2,-3,1000,1.66653,0.6625,2.46612,7.42988,0.984,0.9742,0.9901
6,2,-2,1000,1.4688,0.5274,2.03364,6.21783,0.989,0.9804,0.9938
6,2,-1,1000,1.19574,0.4618,1.6995,4.80957,0.989,0.9804,0.9938
6,2,0,1000,1.20283,0.4449,1.50631,5.14794,0.992,0.9843,0.9959
6,2,1,1000,0.92668,0.3887,1.24636,3.68208,0.995,0.9883,0.9979
6,2,2,1000,0.90939,0.3223,1.11086,4.07637,0.995,0.9883,0.9979
6,2,3,1000,0.92081,0.2819,1.00452,3.62326,0.997,0.9912,0.999
6,2,4,1000,0.8525,0.2648,1.02844,3.48103,0.995,0.9883,0.9979
6,2,5,1000,0.52475,0.217,0.69772,2.18484,0.997,0.9912,0.999
6,2,6,1000,0.76906,0.1948,0.72158,3.82036,0.999,0.9944,0.9998
6,2,7,1000,0.65355,0.1851,0.64848,2.77298,0.999,0.9944,0.9998
6,2,8,1000,0.61725,0.15565,0.55392,2.58286,1.0,0.9962,1.0
6,2,9,1000,0.34777,0.14085,0.4726,1.29746,0.998,0.9927,0.9995
6,2,10,1000,0.49647,0.1251,0.47667,2.50807,1.0,0.9962,1.0
6,2,11,1000,0.45379,0.1168,0.4222,2.31128,0.999,0.9944,0.9998
6,2,12,1000,0.34762,0.09765,0.39258,1.23157,1.0,0.9962,1.0
6,2,13,1000,0.33974,0.08575,0.3315,1.39251,1.0,0.9962,1.0
6,2,14,1000,0.37626,0.0768,0.29923,1.83426,1.0,0.9962,1.0
6,2,15,1000,0.24417,0.066,0.25104,0.99783,0.999,0.9944,0.9998
6,2,16,1000,0.19579,0.065,0.2382,0.83777,1.0,0.9962,1.0
6,2,17,1000,0.25652,0.0591,0.20306,1.09375,0.999,0.9944,0.9998
6,2,18,1000,0.16328,0.05225,0.1759,0.53198,1.0,0.9962,1.0
6,2,19,1000,0.23753,0.04575,0.15861,0.66565,1.0,0.9962,1.0
6,2,20,1000,0.14727,0.03835,0.15919,0.65963,1.0,0.9962,1.0
6,2,21,1000,0.11696,0.03505,0.12589,0.53124,1.0,0.9962,1.0
6,2,22,1000,0.10664,0.0296,0.12293,0.45154,1.0,0.9962,1.0
6,2,23,1000,0.12965,0.0291,0.10022,0.44661,1.0,0.9962,1.0
6,2,24,1000,0.09455,0.0248,0.09132,0.36195,1.0,0.9962,1.0
6,2,25,1000,0.07201,0.02285,0.07354,0.2711,1.0,0.9962,1.0
6,2,26,1000,0.0641,0.0197,0.07072,0.19202,1.0,0.9962,1.0
6,2,27,1000,0.08196,0.0176,0.0585,0.24336,1.0,0.9962,1.0
6,2,28,1000,0.05438,0.0144,0.04961,0.20571,1.0,0.9962,1.0
6,2,29,1000,0.05238,0.0144,0.05341,0.19731,1.0,0.9962,1.0
6,2,30,1000,0.05071,0.0127,0.04851,0.25144,1.0,0.9962,1.0
6,3,-15,1000,5.3547,4.1683,8.69992,9.86322,0.473,0.4422,0.504
6,3,-14,1000,5.07022,3.9509,8.4378,9.78721,0.531,0.5,0.5618
6,3,-13,1000,4.91602,3.7428,8.32234,9.89008,0.569,0.5381,0.5994
6,3,-12,1000,4.62865,3.359,8.2173,9.83675,0.649,0.6189,0.678
6,3,-11,1000,4.42889,3.0717,7.70016,9.81583,0.707,0.678,0.7344
6,3,-10,1000,4.05308,2.4856,7.20328,9.52193,0.762,0.7346,0.7874
6,3,-9,1000,4.05763,2.4263,7.34584,9.52509,0.815,0.7897,0.8378
6,3,-8,1000,3.47146,1.9287,5.8627,9.30679,0.877,0.8552,0.8959
6,3,-7,1000,3.41022,1.6978,6.10792,9.54092,0.859,0.8361,0.8792
6,3,-6,1000,3.03869,1.3939,5.29194,9.27542,0.897,0.8766,0.9143
6,3,-5,1000,2.66757,1.1898,4.6226,8.82553,0.911,0.8917,0.9271
6,3,-4,1000,2.67698,1.0948,4.467,9.4138,0.921,0.9026,0.9362
6,3,-3,1000,2.64657,1.0074,4.4638,8.79676,0.933,0.9158,0.9469
6,3,-2,1000,2.23933,0.8628,3.5638,8.55013,0.945,0.9291,0.9575
6,3,-1,1000,2.12032,0.71405,3.22918,8.17151,0.952,0.9369,0.9636
6,3,0,1000,2.14304,0.6733,3.19808,7.79377,0.963,0.9494,0.973
6,3,1,1000,1.88018,0.5434,2.66315,7.92952,0.966,0.9529,0.9756
6,3,2,1000,1.88812,0.476,2.57798,7.94193,0.975,0.9634,0.983
6,3,3,1000,1.73011,0.4553,2.46063,7.25821,0.972,0.9598,0.9806
6,3,4,1000,1.55207,0.4168,2.01487,6.83961,0.984,0.9742,0.9901
6,3,5,1000,1.47279,0.3525,2.01376,6.78257,0.983,0.9729,0.9894
6,3,6,1000,1.31962,0.3152,1.64726,6.24562,0.987,0.9779,0.9924
6,3,7,1000,1.2143,0.294,1.41611,5.92797,0.992,0.9843,0.9959
6,3,8,1000,1.31472,0.2523,1.47395,6.14491,0.996,0.9898,0.9984
6,3,9,1000,0.99233,0.2032,1.18148,4.60858,0.997,0.9912,0.999
6,3,10,1000,0.98229,0.1977,1.1879,4.1018,0.997,0.9912,0.999
6,3,11,1000,0.88573,0.1729,0.8886,4.3315,0.996,0.9898,0.9984
6,3,12,1000,0.97315,0.1586,0.91912,4.55716,0.999,0.9944,0.9998
6,3,13,1000,0.71361,0.1371,0.77952,3.36841,0.998,0.9927,0.9995
6,3,14,1000,0.71891,0.1214,0.66304,3.28148,0.997,0.9912,0.999
6,3,15,1000,0.47607,0.1107,0.58604,1.8993,1.0,0.9962,1.0
6,3,16,1000,0.45162,0.0956,0.48226,2.01816,0.997,0.9912,0.999
6,3,17,1000,0.53065,0.0962,0.4993,2.01996,0.999,0.9944,0.9998
6,3,18,1000,0.42477,0.0787,0.43804,1.94677,1.0,0.9962,1.0
6,3,19,1000,0.42421,0.07135,0.41028,1.79028,1.0,0.9962,1.0
6,3,20,1000,0.32072,0.0662,0.32528,1.38243,1.0,0.9962,1.0
6,3,21,1000,0.31274,0.05785,0.30234,1.28632,1.0,0.9962,1.0
6,3,22,1000,0.32525,0.04505,0.26092,0.98023,1.0,0.9962,1.0
6,3,23,1000,0.32615,0.04245,0.22396,0.87795,1.0,0.9962,1.0
6,3,24,1000,0.28581,0.04065,0.23876,1.06378,1.0,0.9962,1.0
6,3,25,1000,0.17855,0.03865,0.2188,0.79747,1.0,0.9962,1.0
6,3,26,1000,0.15475,0.03175,0.17677,0.55563,1.0,0.9962,1.0
6,3,27,1000,0.16722,0.0271,0.13799,0.62798,1.0,0.9962,1.0
6,3,28,1000,0.14703,0.02755,0.15259,0.64499,1.0,0.9962,1.0
6,3,29,1000,0.12505,0.02325,0.12764,0.55175,1.0,0.9962,1.0
6,3,30,1000,0.12138,0.02,0.12194,0.51823,1.0,0.9962,1.0
8,1,-15,1000,4.6587,3.32515,7.88245,9.5451,0.506,0.475,0.5369
8,1,-14,1000,4.44882,3.03595,7.60545,9.58725,0.64,0.6098,0.6692
8,1,-13,1000,4.28489,2.8346,7.397,9.83558,0.761,0.7336,0.7864
8,1,-12,1000,3.56915,2.1005,6.16818,9.31546,0.884,0.8627,0.9024
8,1,-11,1000,2.94296,1.66825,4.90985,8.39819,0.94,0.9235,0.9531
8,1,-10,1000,2.6385,1.4544,4.48798,8.03091,0.977,0.9657,0.9846
8,1,-9,1000,2.18694,1.17235,3.38812,7.3328,0.988,0.9791,0.9931
8,1,-8,1000,1.81681,0.92565,2.80969,6.51962,0.992,0.9843,0.9959
8,1,-7,1000,1.6829,0.7935,2.64995,6.02544,0.994,0.987,0.9972
8,1,-6,1000,1.27868,0.6631,1.95836,4.24184,0.999,0.9944,0.9998
8,1,-5,1000,1.14655,0.5463,1.64794,4.24531,0.999,0.9944,0.9998
8,1,-4,1000,1.04175,0.48895,1.5281,4.03492,1.0,0.9962,1.0
8,1,-3,1000,0.8316,0.4151,1.25266,2.78219,1.0,0.9962,1.0
8,1,-2,1000,0.81394,0.3653,1.17637,2.76263,1.0,0.9962,1.0
8,1,-1,1000,0.60977,0.3158,0.92654,2.04265,1.0,0.9962,1.0
8,1,0,1000,0.56979,0.27935,0.84827,2.09475,1.0,0.9962,1.0
8,1,1,1000,0.49537,0.2491,0.76075,1.74804,1.0,0.9962,1.0
8,1,2,1000,0.42074,0.2083,0.63401,1.45241,1.0,0.9962,1.0
8,1,3,1000,0.37839,0.18505,0.53736,1.3687,1.0,0.9962,1.0
8,1,4,1000,0.31684,0.16,0.45915,1.15473,1.0,0.9962,1.0
8,1,5,1000,0.3031,0.1493,0.43998,1.07972,1.0,0.9962,1.0
8,1,6,1000,0.24981,0.12545,0.36324,0.86919,1.0,0.9962,1.0
8,1,7,1000,0.25033,0.1163,0.36805,0.97743,1.0,0.9962,1.0
8,1,8,1000,0.21688,0.10015,0.29514,0.861,1.0,0.9962,1.0
8,1,9,1000,0.17069,0.08835,0.25223,0.59659,1.0,0.9962,1.0
8,1,10,1000,0.16589,0.08405,0.24654,0.58462,1.0,0.9962,1.0
8,1,11,1000,0.14947,0.0762,0.21814,0.5224,1.0,0.9962,1.0
8,1,12,1000,0.13898,0.0653,0.21441,0.50552,1.0,0.9962,1.0
8,1,13,1000,0.11656,0.05825,0.17061,0.40732,1.0,0.9962,1.0
8,1,14,1000,0.10765,0.054,0.16254,0.38028,1.0,0.9962,1.0
8,1,15,1000,0.09194,0.04485,0.14372,0.30402,1.0,0.9962,1.0
8,1,16,1000,0.08487,0.04185,0.1325,0.31662,1.0,0.9962,1.0
8,1,17,1000,0.07296,0.0355,0.11094,0.25436,1.0,0.9962,1.0
8,1,18,1000,0.06474,0.03225,0.09829,0.22816,1.0,0.9962,1.0
8,1,19,1000,0.06223,0.02985,0.09483,0.2264,1.0,0.9962,1.0
8,1,20,1000,0.05324,0.02575,0.07393,0.20087,1.0,0.9962,1.0
8,1,21,1000,0.04644,0.02235,0.0665,0.15763,1.0,0.9962,1.0
8,1,22,1000,0.03969,0.01925,0.05893,0.1293,1.0,0.9962,1.0
8,1,23,1000,0.03535,0.0165,0.05195,0.12481,1.0,0.9962,1.0
8,1,24,1000,0.03441,0.0171,0.0526,0.11631,1.0,0.9962,1.0
8,1,25,1000,0.02885,0.0141,0.04472,0.108,1.0,0.9962,1.0
8,1,26,1000,0.02491,0.0122,0.03802,0.08951,1.0,0.9962,1.0
8,1,27,1000,0.02558,0.0126,0.0374,0.09197,1.0,0.9962,1.0
8,1,28,1000,0.02046,0.0094,0.03135,0.0734,1.0,0.9962,1.0
8,1,29,1000,0.01966,0.00955,0.02741,0.07615,1.0,0.9962,1.0
8,1,30,1000,0.01675,0.00815,0.02462,0.06314,1.0,0.9962,1.0
8,2,-15,1000,4.71866,3.2999,8.20416,9.71018,0.577,0.5461,0.6073
8,2,-14,1000,4.34221,3.13505,7.46677,9.74278,0.66,0.6301,0.6887
8,2,-13,1000,3.99203,2.4954,6.7939,9.48644,0.761,0.7336,0.7864
8,2,-12,1000,3.60565,2.208,6.18056,9.44052,0.843,0.8191,0.8642
8,2,-11,1000,3.22265,1.7322,5.63628,9.22384,0.919,0.9004,0.9344
8,2,-10,1000,2.75846,1.40085,4.73659,8.7068,0.95,0.9347,0.9619
8,2,-9,1000,2.40377,1.1601,3.9309,8.01344,0.961,0.9471,0.9713
8,2,-8,1000,1.93466,0.9717,2.99439,6.34311,0.978,0.9669,0.9854
8,2,-7,1000,1.88534,0.8794,2.87346,7.56068,0.985,0.9754,0.9909
8,2,-6,1000,1.51883,0.6832,2.23838,6.01946,0.987,0.9779,0.9924
8,2,-5,1000,1.47231,0.5711,1.94928,6.00647,0.995,0.9883,0.9979
8,2,-4,1000,1.24885,0.5254,1.6956,5.05826,0.994,0.987,0.9972
8,2,-3,1000,1.08074,0.4356,1.4697,4.19718,0.993,0.9856,0.9966
8,2,-2,1000,0.91926,0.38205,1.2226,3.87642,0.996,0.9898,0.9984
8,2,-1,1000,0.89867,0.3132,1.02619,3.43817,0.998,0.9927,0.9995
8,2,0,1000,0.88039,0.2783,0.96736,4.02147,0.999,0.9944,0.9998
8,2,1,1000,0.74351,0.25805,0.85416,2.76163,0.998,0.9927,0.9995
8,2,2,1000,0.59985,0.2247,0.77136,2.17109,0.999,0.9944,0.9998
8,2,3,1000,0.64679,0.199,0.69407,2.36053,0.998,0.9927,0.9995
8,2,4,1000,0.53372,0.17285,0.61299,1.58283,1.0,0.9962,1.0
8,2,5,1000,0.52065,0.1551,0.57236,1.88243,1.0,0.9962,1.0
8,2,6,1000,0.42795,0.13785,0.46175,1.34437,1.0,0.9962,1.0
8,2,7,1000,0.3807,0.11905,0.40603,1.59264,1.0,0.9962,1.0
8,2,8,1000,0.26272,0.11095,0.38864,0.88589,1.0,0.9962,1.0
8,2,9,1000,0.30071,0.09935,0.3205,1.26229,1.0,0.9962,1.0
8,2,10,1000,0.24565,0.08265,0.28397,0.89831,1.0,0.9962,1.0
8,2,11,1000,0.17017,0.07265,0.24034,0.68115,1.0,0.9962,1.0
8,2,12,1000,0.16317,0.0697,0.22499,0.63906,1.0,0.9962,1.0
8,2,13,1000,0.17269,0.05985,0.18924,0.77446,1.0,0.9962,1.0
8,2,14,1000,0.18139,0.0534,0.19103,0.49763,1.0,0.9962,1.0
8,2,15,1000,0.16919,0.0511,0.17731,0.59275,1.0,0.9962,1.0
8,2,16,1000,0.17072,0.0421,0.14733,0.45825,1.0,0.9962,1.0
8,2,17,1000,0.11447,0.03835,0.1321,0.43239,1.0,0.9962,1.0
8,2,18,1000,0.10279,0.0334,0.109,0.33139,1.0,0.9962,1.0
8,2,19,1000,0.09327,0.0297,0.0955,0.33503,1.0,0.9962,1.0
8,2,20,1000,0.09145,0.02655,0.09291,0.26524,1.0,0.9962,1.0
8,2,21,1000,0.08634,0.0218,0.07922,0.31411,1.0,0.9962,1.0
8,2,22,1000,0.07215,0.0224,0.07426,0.2707,1.0,0.9962,1.0
8,2,23,1000,0.05445,0.0186,0.06552,0.26649,1.0,0.9962,1.0
8,2,24,1000,0.04058,0.0155,0.04905,0.15105,1.0,0.9962,1.0
8,2,25,1000,0.04486,0.01535,0.06203,0.15059,1.0,0.9962,1.0
8,2,26,1000,0.0357,0.01385,0.04473,0.14341,1.0,0.9962,1.0
8,2,27,1000,0.04135,0.0121,0.04064,0.11947,1.0,0.9962,1.0
8,2,28,1000,0.02649,0.0107,0.03555,0.10026,1.0,0.9962,1.0
8,2,29,1000,0.02526,0.0092,0.03031,0.08831,1.0,0.9962,1.0
8,2,30,1000,0.03083,0.0086,0.02783,0.10131,1.0,0.9962,1.0
8,3,-15,1000,4.95098,3.62605,8.24598,9.73351,0.574,0.5431,0.6043
8,3,-14,1000,4.81834,3.4895,8.094,9.67418,0.637,0.6067,0.6662
8,3,-13,1000,4.38767,2.9546,7.7924,9.7814,0.705,0.676,0.7324
8,3,-12,1000,3.95759,2.4397,6.82136,9.70053,0.787,0.7605,0.8113
8,3,-11,1000,3.79868,2.2385,6.883,9.371,0.855,0.8318,0.8755
8,3,-10,1000,3.13823,1.76355,5.40675,8.81727,0.876,0.8541,0.895
8,3,-9,1000,3.06981,1.4397,5.49998,9.03714,0.927,0.9092,0.9415
8,3,-8,1000,2.69723,1.2319,4.43698,9.32233,0.939,0.9224,0.9522
8,3,-7,1000,2.42511,1.0231,4.0841,8.13373,0.955,0.9403,0.9662
8,3,-6,1000,2.26018,0.8858,3.67189,8.15942,0.972,0.9598,0.9806
8,3,-5,1000,2.06993,0.7889,3.17308,7.79828,0.965,0.9517,0.9747
8,3,-4,1000,1.74008,0.64135,2.39552,6.93398,0.98,0.9693,0.987
8,3,-3,1000,1.47722,0.56425,2.16749,6.21491,0.978,0.9669,0.9854
8,3,-2,1000,1.6218,0.5115,2.16906,7.16897,0.983,0.9729,0.9894
8,3,-1,1000,1.31482,0.43985,1.77394,5.7662,0.988,0.9791,0.9931
8,3,0,1000,1.26211,0.4214,1.69109,5.32175,0.992,0.9843,0.9959
8,3,1,1000,1.20354,0.3301,1.37334,5.22489,0.993,0.9856,0.9966
8,3,2,1000,1.1442,0.293,1.2439,5.31029,0.995,0.9883,0.9979
8,3,3,1000,0.926,0.2558,1.0996,4.43272,0.993,0.9856,0.9966
8,3,4,1000,0.80221,0.2399,1.01084,3.39676,0.997,0.9912,0.999
8,3,5,1000,0.86043,0.2037,0.8581,3.76509,0.997,0.9912,0.999
8,3,6,1000,0.74292,0.2067,0.86276,3.65962,0.999,0.9944,0.9998
8,3,7,1000,0.71286,0.1594,0.6952,3.27437,0.999,0.9944,0.9998
8,3,8,1000,0.58835,0.14345,0.5838,2.49725,0.998,0.9927,0.9995
8,3,9,1000,0.5455,0.1298,0.497,2.24852,0.997,0.9912,0.999
8,3,10,1000,0.60514,0.1192,0.53492,2.93247,0.999,0.9944,0.9998
8,3,11,1000,0.49591,0.1045,0.41858,1.67845,1.0,0.9962,1.0
8,3,12,1000,0.33665,0.09225,0.36411,1.5441,1.0,0.9962,1.0
8,3,13,1000,0.31767,0.08425,0.34608,1.41409,1.0,0.9962,1.0
8,3,14,1000,0.37844,0.0724,0.31808,1.42136,1.0,0.9962,1.0
8,3,15,1000,0.23853,0.0632,0.28493,1.12235,1.0,0.9962,1.0
8,3,16,1000,0.35633,0.0566,0.24717,0.96542,1.0,0.9962,1.0
8,3,17,1000,0.1951,0.051,0.19703,0.78536,1.0,0.9962,1.0
8,3,18,1000,0.1678,0.0485,0.19329,0.68893,1.0,0.9962,1.0
8,3,19,1000,0.17347,0.0418,0.17789,0.7971,1.0,0.9962,1.0
8,3,20,1000,0.14872,0.03475,0.15853,0.69599,1.0,0.9962,1.0
8,3,21,1000,0.11888,0.0322,0.13901,0.45987,1.0,0.9962,1.0
8,3,22,1000,0.13756,0.0279,0.12977,0.60821,1.0,0.9962,1.0
8,3,23,1000,0.12489,0.0255,0.12446,0.5256,1.0,0.9962,1.0
8,3,24,1000,0.10241,0.0225,0.10921,0.32787,1.0,0.9962,1.0
8,3,25,1000,0.07868,0.0206,0.08809,0.32851,1.0,0.9962,1.0
8,3,26,1000,0.0783,0.0191,0.08945,0.36086,1.0,0.9962,1.0
8,3,27,1000,0.0671,0.0164,0.07826,0.29322,1.0,0.9962,1.0
8,3,28,1000,0.07152,0.01465,0.06661,0.34341,1.0,0.9962,1.0
8,3,29,1000,0.06245,0.01315,0.06264,0.26553,1.0,0.9962,1.0
8,3,30,1000,0.04416,0.01135,0.0511,0.19864,1.0,0.9962,1.0
10,1,-15,1000,4.52988,3.0589,7.6257,9.7725,0.601,0.5703,0.6309
10,1,-14,1000,4.3569,2.9793,7.371,9.67515,0.751,0.7233,0.7768
10,1,-13,1000,3.54233,1.9419,6.24034,9.42239,0.855,0.8318,0.8755
10,1,-12,1000,3.05798,1.69825,5.1954,8.28617,0.922,0.9037,0.9371
10,1,-11,1000,2.60068,1.3964,4.29076,8.16983,0.979,0.9681,0.9862
10,1,-10,1000,2.11947,1.047,3.40826,7.34115,0.985,0.9754,0.9909
10,1,-9,1000,1.77431,0.88475,2.7194,6.15622,0.996,0.9898,0.9984
10,1,-8,1000,1.45484,0.7098,2.19056,5.06869,0.999,0.9944,0.9998
10,1,-7,1000,1.22442,0.6229,1.84594,4.68633,0.999,0.9944,0.9998
10,1,-6,1000,0.9622,0.4786,1.51754,3.21999,1.0,0.9962,1.0
10,1,-5,1000,0.91096,0.3952,1.33124,3.19707,0.999,0.9944,0.9998
10,1,-4,1000,0.75734,0.3468,1.15198,2.88094,0.999,0.9944,0.9998
10,1,-3,1000,0.69304,0.3254,1.0486,2.95211,0.999,0.9944,0.9998
10,1,-2,1000,0.56666,0.26105,0.80411,1.91121,1.0,0.9962,1.0
10,1,-1,1000,0.51373,0.2399,0.73627,1.9274,1.0,0.9962,1.0
10,1,0,1000,0.36645,0.2133,0.56266,1.159,1.0,0.9962,1.0
10,1,1,1000,0.36864,0.1881,0.55468,1.31824,1.0,0.9962,1.0
10,1,2,1000,0.33514,0.1611,0.47695,1.18372,1.0,0.9962,1.0
10,1,3,1000,0.28071,0.1478,0.40723,0.98248,1.0,0.9962,1.0
10,1,4,1000,0.24497,0.13165,0.38914,0.86396,1.0,0.9962,1.0
10,1,5,1000,0.2375,0.116,0.34966,0.88205,1.0,0.9962,1.0
10,1,6,1000,0.2127,0.0975,0.3035,0.82214,1.0,0.9962,1.0
10,1,7,1000,0.18637,0.0892,0.27745,0.69083,1.0,0.9962,1.0
10,1,8,1000,0.17573,0.0815,0.24109,0.67409,1.0,0.9962,1.0
10,1,9,1000,0.15073,0.0751,0.22894,0.5649,1.0,0.9962,1.0
10,1,10,1000,0.12826,0.05845,0.18191,0.42903,1.0,0.9962,1.0
10,1,11,1000,0.12249,0.0562,0.17259,0.43125,1.0,0.9962,1.0
10,1,12,1000,0.10364,0.0523,0.15301,0.37291,1.0,0.9962,1.0
10,1,13,1000,0.09319,0.04675,0.14204,0.30308,1.0,0.9962,1.0
10,1,14,1000,0.08647,0.03935,0.12625,0.30323,1.0,0.9962,1.0
10,1,15,1000,0.07796,0.0349,0.11247,0.28343,1.0,0.9962,1.0
10,1,16,1000,0.06646,0.03195,0.09938,0.21427,1.0,0.9962,1.0
10,1,17,1000,0.05421,0.0284,0.08678,0.17813,1.0,0.9962,1.0
10,1,18,1000,0.05039,0.02455,0.07413,0.16073,1.0,0.9962,1.0
10,1,19,1000,0.04032,0.0216,0.06374,0.12441,1.0,0.9962,1.0
10,1,20,1000,0.04454,0.01985,0.06548,0.14351,1.0,0.9962,1.0
10,1,21,1000,0.03557,0.01715,0.05563,0.13361,1.0,0.9962,1.0
10,1,22,1000,0.03069,0.0169,0.04695,0.10295,1.0,0.9962,1.0
10,1,23,1000,0.02822,0.0137,0.03991,0.10492,1.0,0.9962,1.0
10,1,24,1000,0.02631,0.01225,0.0398,0.09162,1.0,0.9962,1.0
10,1,25,1000,0.02395,0.0111,0.0333,0.09493,1.0,0.9962,1.0
10,1,26,1000,0.02012,0.0101,0.0308,0.0722,1.0,0.9962,1.0
10,1,27,1000,0.01779,0.0093,0.02621,0.05961,1.0,0.9962,1.0
10,1,28,1000,0.01658,0.00835,0.02361,0.05733,1.0,0.9962,1.0
10,1,29,1000,0.01413,0.0072,0.02071,0.0506,1.0,0.9962,1.0
10,1,30,1000,0.01351,0.00625,0.01873,0.05893,1.0,0.9962,1.0
10,2,-15,1000,4.38288,3.10205,7.57463,9.7222,0.632,0.6017,0.6613
10,2,-14,1000,4.21347,2.6764,7.1967,9.71237,0.731,0.7027,0.7576
10,2,-13,1000,3.84374,2.3806,6.83226,9.49551,0.832,0.8076,0.8539
10,2,-12,1000,3.34301,1.8691,5.76484,9.56353,0.912,0.8928,0.928
10,2,-11,1000,2.54599,1.25045,4.2327,8.12875,0.966,0.9529,0.9756
10,2,-10,1000,2.19971,1.0944,3.45568,7.5759,0.977,0.9657,0.9846
10,2,-9,1000,1.8596,0.86445,2.8978,6.68107,0.976,0.9645,0.9838
10,2,-8,1000,1.65835,0.72375,2.37156,6.88589,0.992,0.9843,0.9959
10,2,-7,1000,1.41131,0.6115,1.96455,5.62752,0.988,0.9791,0.9931
10,2,-6,1000,1.16349,0.489,1.50228,4.83836,0.995,0.9883,0.9979
10,2,-5,1000,1.00171,0.4579,1.3965,3.69195,0.994,0.987,0.9972
10,2,-4,1000,0.95363,0.38205,1.23845,4.10662,0.996,0.9898,0.9984
10,2,-3,1000,0.8878,0.315,1.04092,3.56781,0.997,0.9912,0.999
10,2,-2,1000,0.73402,0.25095,0.8893,2.79515,1.0,0.9962,1.0
10,2,-1,1000,0.63526,0.2543,0.81512,2.32753,0.999,0.9944,0.9998
10,2,0,1000,0.59619,0.2287,0.76379,2.59001,1.0,0.9962,1.0
10,2,1,1000,0.51757,0.19055,0.64939,2.38221,1.0,0.9962,1.0
10,2,2,1000,0.39873,0.1697,0.5438,1.51674,1.0,0.9962,1.0
10,2,3,1000,0.37676,0.14815,0.48176,1.45256,1.0,0.9962,1.0
10,2,4,1000,0.37129,0.1358,0.428,1.2057,0.999,0.9944,0.9998
10,2,5,1000,0.29721,0.11895,0.43432,1.13689,1.0,0.9962,1.0
10,2,6,1000,0.3162,0.1078,0.35751,1.19714,1.0,0.9962,1.0
10,2,7,1000,0.31395,0.08985,0.30993,0.97955,1.0,0.9962,1.0
10,2,8,1000,0.21645,0.0814,0.25859,0.78588,1.0,0.9962,1.0
10,2,9,1000,0.17606,0.0737,0.23585,0.73007,1.0,0.9962,1.0
10,2,10,1000,0.1699,0.0642,0.21754,0.59158,1.0,0.9962,1.0
10,2,11,1000,0.13941,0.0587,0.19082,0.46162,1.0,0.9962,1.0
10,2,12,1000,0.14026,0.0533,0.15164,0.5696,1.0,0.9962,1.0
10,2,13,1000,0.11657,0.04525,0.13352,0.3876,1.0,0.9962,1.0
10,2,14,1000,0.10985,0.04105,0.12661,0.3888,1.0,0.9962,1.0
10,2,15,1000,0.09756,0.03585,0.11553,0.37772,1.0,0.9962,1.0
10,2,16,1000,0.0828,0.0337,0.11002,0.35761,1.0,0.9962,1.0
10,2,17,1000,0.06956,0.0289,0.08801,0.27652,1.0,0.9962,1.0
10,2,18,1000,0.06597,0.02475,0.08999,0.22582,1.0,0.9962,1.0
10,2,19,1000,0.06358,0.02355,0.07942,0.2613,1.0,0.9962,1.0
10,2,20,1000,0.05005,0.0197,0.06245,0.18828,1.0,0.9962,1.0
10,2,21,1000,0.0472,0.0197,0.06093,0.15545,1.0,0.9962,1.0
10,2,22,1000,0.03848,0.0156,0.0507,0.1419,1.0,0.9962,1.0
10,2,23,1000,0.03722,0.0155,0.04601,0.14245,1.0,0.9962,1.0
10,2,24,1000,0.03505,0.01325,0.04088,0.11875,1.0,0.9962,1.0
10,2,25,1000,0.02931,0.0115,0.0364,0.0964,1.0,0.9962,1.0
10,2,26,1000,0.02721,0.011,0.03333,0.08984,1.0,0.9962,1.0
10,2,27,1000,0.01992,0.0093,0.0293,0.08292,1.0,0.9962,1.0
10,2,28,1000,0.01972,0.0087,0.02617,0.07751,1.0,0.9962,1.0
10,2,29,1000,0.01579,0.0071,0.0223,0.05812,1.0,0.9962,1.0
10,2,30,1000,0.01939,0.0064,0.02161,0.07532,1.0,0.9962,1.0
10,3,-15,1000,4.70466,3.4131,7.83,9.77166,0.631,0.6006,0.6604
10,3,-14,1000,4.73416,3.27985,8.116,9.84942,0.71,0.6811,0.7373
10,3,-13,1000,3.87026,2.4024,6.6286,9.72171,0.771,0.7439,0.796
10,3,-12,1000,3.4526,1.98725,5.82539,9.03114,0.87,0.8477,0.8894
10,3,-11,1000,3.17556,1.6539,5.62342,9.21522,0.904,0.8842,0.9207
10,3,-10,1000,2.86171,1.3473,5.04,9.15826,0.941,0.9246,0.954
10,3,-9,1000,2.42336,1.068,3.9812,8.59921,0.965,0.9517,0.9747
10,3,-8,1000,2.1308,0.876,3.35532,7.87764,0.968,0.9552,0.9772
10,3,-7,1000,1.88068,0.7606,2.88532,7.19705,0.965,0.9517,0.9747
10,3,-6,1000,1.42601,0.61985,2.01796,5.23564,0.982,0.9717,0.9886
10,3,-5,1000,1.54431,0.5513,2.06392,6.40567,0.987,0.9779,0.9924
10,3,-4,1000,1.30092,0.4599,1.81016,5.29358,0.989,0.9804,0.9938
10,3,-3,1000,1.35043,0.4257,1.62342,6.23885,0.989,0.9804,0.9938
10,3,-2,1000,1.13766,0.3499,1.4715,5.44214,0.995,0.9883,0.9979
10,3,-1,1000,1.03052,0.3142,1.31988,4.1275,0.995,0.9883,0.9979
10,3,0,1000,1.02746,0.2645,1.16636,4.44526,0.998,0.9927,0.9995
10,3,1,1000,0.70856,0.2397,0.92137,2.74316,1.0,0.9962,1.0
10,3,2,1000,0.67813,0.2199,0.83618,2.69459,0.999,0.9944,0.9998
10,3,3,1000,0.6766,0.17755,0.65781,2.22617,1.0,0.9962,1.0
10,3,4,1000,0.7206,0.17295,0.64906,2.85885,0.998,0.9927,0.9995
10,3,5,1000,0.46001,0.1411,0.59526,1.93274,0.998,0.9927,0.9995
10,3,6,1000,0.55879,0.12615,0.50234,2.347,1.0,0.9962,1.0
10,3,7,1000,0.46713,0.1142,0.44924,1.76609,1.0,0.9962,1.0
10,3,8,1000,0.4219,0.101,0.40405,1.63451,1.0,0.9962,1.0
10,3,9,1000,0.35366,0.09005,0.3603,1.38039,1.0,0.9962,1.0
10,3,10,1000,0.34549,0.07205,0.32617,1.09993,1.0,0.9962,1.0
10,3,11,1000,0.23815,0.06835,0.2729,0.92418,1.0,0.9962,1.0
10,3,12,1000,0.25951,0.0644,0.2502,0.99598,0.999,0.9944,0.9998
10,3,13,1000,0.17973,0.05715,0.24035,0.6917,1.0,0.9962,1.0
10,3,14,1000,0.17169,0.0481,0.18928,0.67171,1.0,0.9962,1.0
10,3,15,1000,0.15031,0.04595,0.15894,0.59719,1.0,0.9962,1.0
10,3,16,1000,0.14355,0.0405,0.14889,0.64827,1.0,0.9962,1.0
10,3,17,1000,0.11135,0.0374,0.13788,0.46915,1.0,0.9962,1.0
10,3,18,1000,0.12173,0.03295,0.13083,0.45549,1.0,0.9962,1.0
10,3,19,1000,0.11173,0.0299,0.12551,0.53558,1.0,0.9962,1.0
10,3,20,1000,0.08249,0.02435,0.10037,0.39883,1.0,0.9962,1.0
10,3,21,1000,0.08971,0.02125,0.08484,0.31492,1.0,0.9962,1.0
10,3,22,1000,0.06454,0.0205,0.07301,0.27769,1.0,0.9962,1.0
10,3,23,1000,0.06117,0.0182,0.07032,0.25207,1.0,0.9962,1.0
10,3,24,1000,0.05929,0.0166,0.06186,0.27145,1.0,0.9962,1.0
10,3,25,1000,0.0505,0.01335,0.05402,0.1952,1.0,0.9962,1.0
10,3,26,1000,0.04543,0.0123,0.04637,0.16629,1.0,0.9962,1.0
10,3,27,1000,0.05758,0.0121,0.04705,0.1387,1.0,0.9962,1.0
10,3,28,1000,0.04081,0.01035,0.04631,0.14975,1.0,0.9962,1.0
10,3,29,1000,0.03901,0.0094,0.0359,0.1482,1.0,0.9962,1.0
10,3,30,1000,0.03606,0.0081,0.03281,0.15753,1.0,0.9962,1.0
12,1,-15,1000,4.38345,2.889,7.74668,9.73366,0.673,0.6433,0.7014
12,1,-14,1000,3.93386,2.5149,6.76267,9.47914,0.8,0.7741,0.8236
12,1,-13,1000,3.24233,1.7555,5.51904,9.23417,0.912,0.8928,0.928
12,1,-12,1000,2.8464,1.4507,4.66188,9.00986,0.969,0.9563,0.9781
12,1,-11,1000,2.11712,1.0476,3.5154,7.0718,0.981,0.9705,0.9878
12,1,-10,1000,1.58504,0.777,2.4052,5.15107,0.993,0.9856,0.9966
12,1,-9,1000,1.40111,0.6549,1.9991,5.33426,0.996,0.9898,0.9984
12,1,-8,1000,1.25265,0.5715,1.79146,4.6519,0.997,0.9912,0.999
12,1,-7,1000,0.99267,0.4648,1.45202,3.57003,0.998,0.9927,0.9995
12,1,-6,1000,0.89469,0.4001,1.32114,3.47117,0.999,0.9944,0.9998
12,1,-5,1000,0.70465,0.33055,1.04513,2.44314,1.0,0.9962,1.0
12,1,-4,1000,0.63978,0.3067,0.99354,2.37874,1.0,0.9962,1.0
12,1,-3,1000,0.51987,0.26875,0.73591,1.84525,1.0,0.9962,1.0
12,1,-2,1000,0.44747,0.20605,0.6712,1.60759,1.0,0.9962,1.0
12,1,-1,1000,0.43395,0.19065,0.60697,1.49863,1.0,0.9962,1.0
12,1,0,1000,0.35354,0.1678,0.51102,1.25795,1.0,0.9962,1.0
12,1,1,1000,0.30104,0.15665,0.43654,0.9712,1.0,0.9962,1.0
12,1,2,1000,0.27815,0.13335,0.40011,1.06771,1.0,0.9962,1.0
12,1,3,1000,0.24646,0.1179,0.36135,0.82353,1.0,0.9962,1.0
12,1,4,1000,0.1926,0.0975,0.29729,0.68081,1.0,0.9962,1.0
12,1,5,1000,0.19217,0.09185,0.27853,0.66561,1.0,0.9962,1.0
12,1,6,1000,0.17463,0.08145,0.25579,0.5904,1.0,0.9962,1.0
12,1,7,1000,0.14662,0.07155,0.22807,0.5252,1.0,0.9962,1.0
12,1,8,1000,0.13387,0.06815,0.19913,0.4532,1.0,0.9962,1.0
12,1,9,1000,0.11854,0.05865,0.17354,0.41605,1.0,0.9962,1.0
12,1,10,1000,0.10048,0.0485,0.14481,0.34483,1.0,0.9962,1.0
12,1,11,1000,0.09572,0.04725,0.14341,0.339,1.0,0.9962,1.0
12,1,12,1000,0.0784,0.0415,0.11823,0.28951,1.0,0.9962,1.0
12,1,13,1000,0.08173,0.03675,0.13401,0.31191,1.0,0.9962,1.0
12,1,14,1000,0.06517,0.034,0.10001,0.23142,1.0,0.9962,1.0
12,1,15,1000,0.05942,0.0304,0.08921,0.21171,1.0,0.9962,1.0
12,1,16,1000,0.0541,0.02545,0.0795,0.19561,1.0,0.9962,1.0
12,1,17,1000,0.04439,0.0238,0.06342,0.16322,1.0,0.9962,1.0
12,1,18,1000,0.04358,0.0208,0.06721,0.14602,1.0,0.9962,1.0
12,1,19,1000,0.03801,0.0187,0.05852,0.129,1.0,0.9962,1.0
12,1,20,1000,0.03224,0.0167,0.05113,0.10827,1.0,0.9962,1.0
12,1,21,1000,0.02849,0.0139,0.03964,0.11191,1.0,0.9962,1.0
12,1,22,1000,0.02869,0.0131,0.04153,0.10303,1.0,0.9962,1.0
12,1,23,1000,0.0241,0.01165,0.0352,0.09272,1.0,0.9962,1.0
12,1,24,1000,0.02068,0.0102,0.03093,0.0709,1.0,0.9962,1.0
12,1,25,1000,0.01826,0.009,0.02571,0.05933,1.0,0.9962,1.0
12,1,26,1000,0.01708,0.008,0.02541,0.05971,1.0,0.9962,1.0
12,1,27,1000,0.01484,0.0074,0.02201,0.05341,1.0,0.9962,1.0
12,1,28,1000,0.01391,0.0066,0.01971,0.04943,1.0,0.9962,1.0
12,1,29,1000,0.01104,0.0056,0.01731,0.0382,1.0,0.9962,1.0
12,1,30,1000,0.01076,0.00555,0.0173,0.0349,1.0,0.9962,1.0
12,2,-15,1000,4.58786,3.25075,7.71821,9.65344,0.682,0.6525,0.7101
12,2,-14,1000,3.96333,2.3319,7.10126,9.63722,0.789,0.7626,0.8132
12,2,-13,1000,3.34997,1.8762,5.78712,9.14914,0.898,0.8777,0.9153
12,2,-12,1000,2.7872,1.39395,4.77975,9.14091,0.95,0.9347,0.9619
12,2,-11,1000,2.19859,1.0727,3.40386,7.87766,0.975,0.9634,0.983
12,2,-10,1000,1.96426,0.8518,2.85612,7.90289,0.985,0.9754,0.9909
12,2,-9,1000,1.51774,0.6586,2.29754,5.59358,0.99,0.9817,0.9946
12,2,-8,1000,1.34169,0.572,1.90426,5.49324,0.994,0.987,0.9972
12,2,-7,1000,1.30454,0.5307,1.63248,5.08704,0.995,0.9883,0.9979
12,2,-6,1000,0.99284,0.3778,1.1292,4.51387,0.999,0.9944,0.9998
12,2,-5,1000,0.81659,0.349,1.12295,3.03743,1.0,0.9962,1.0
12,2,-4,1000,0.67961,0.2966,0.89874,2.46568,0.999,0.9944,0.9998
12,2,-3,1000,0.61165,0.2639,0.873,2.24544,0.999,0.9944,0.9998
12,2,-2,1000,0.59698,0.2288,0.68308,2.10838,0.999,0.9944,0.9998
12,2,-1,1000,0.5259,0.20125,0.67838,1.6933,1.0,0.9962,1.0
12,2,0,1000,0.43752,0.1765,0.586,1.36965,0.999,0.9944,0.9998
12,2,1,1000,0.5227,0.15235,0.50065,1.45328,1.0,0.9962,1.0
12,2,2,1000,0.32279,0.14635,0.46232,1.08874,1.0,0.9962,1.0
12,2,3,1000,0.35826,0.1208,0.3885,1.087,1.0,0.9962,1.0
12,2,4,1000,0.2399,0.1094,0.36119,0.90942,1.0,0.9962,1.0
12,2,5,1000,0.23453,0.0918,0.30004,0.83621,1.0,0.9962,1.0
12,2,6,1000,0.21649,0.08605,0.27451,0.85591,1.0,0.9962,1.0
12,2,7,1000,0.17787,0.0749,0.25555,0.66698,1.0,0.9962,1.0
12,2,8,1000,0.15202,0.0665,0.21986,0.57157,1.0,0.9962,1.0
12,2,9,1000,0.12233,0.06105,0.18225,0.4392,1.0,0.9962,1.0
12,2,10,1000,0.15078,0.05175,0.16411,0.49785,1.0,0.9962,1.0
12,2,11,1000,0.11006,0.0484,0.1494,0.3848,1.0,0.9962,1.0
12,2,12,1000,0.11413,0.0421,0.13073,0.34392,1.0,0.9962,1.0
12,2,13,1000,0.09017,0.0358,0.12295,0.32861,1.0,0.9962,1.0
12,2,14,1000,0.08242,0.03405,0.1057,0.30731,1.0,0.9962,1.0
12,2,15,1000,0.07429,0.0298,0.09758,0.2767,1.0,0.9962,1.0
12,2,16,1000,0.06175,0.0266,0.08184,0.2009,1.0,0.9962,1.0
12,2,17,1000,0.06495,0.02355,0.07531,0.22148,1.0,0.9962,1.0
12,2,18,1000,0.04776,0.0208,0.06633,0.17998,1.0,0.9962,1.0
12,2,19,1000,0.03688,0.0187,0.0544,0.13463,1.0,0.9962,1.0
12,2,20,1000,0.04038,0.01625,0.05511,0.13482,1.0,0.9962,1.0
12,2,21,1000,0.0386,0.0154,0.0498,0.14,1.0,0.9962,1.0
12,2,22,1000,0.03005,0.01315,0.0381,0.10024,1.0,0.9962,1.0
12,2,23,1000,0.02533,0.01205,0.0359,0.08661,1.0,0.9962,1.0
12,2,24,1000,0.02523,0.0105,0.036,0.09515,1.0,0.9962,1.0
12,2,25,1000,0.02278,0.0092,0.0317,0.09063,1.0,0.9962,1.0
12,2,26,1000,0.01969,0.0079,0.0268,0.07507,1.0,0.9962,1.0
12,2,27,1000,0.01901,0.0076,0.02274,0.06314,1.0,0.9962,1.0
12,2,28,1000,0.01401,0.0063,0.0203,0.0524,1.0,0.9962,1.0
12,2,29,1000,0.01459,0.0062,0.01915,0.0541,1.0,0.9962,1.0
12,2,30,1000,0.01667,0.0053,0.0186,0.04589,1.0,0.9962,1.0
12,3,-15,1000,4.33491,2.8623,7.4432,9.73954,0.681,0.6515,0.7091
12,3,-14,1000,4.0268,2.4924,6.92706,9.63411,0.765,0.7377,0.7902
12,3,-13,1000,3.5424,2.1233,6.24476,9.07034,0.848,0.8244,0.8689
12,3,-12,1000,3.15866,1.6305,5.48698,9.165,0.905,0.8852,0.9217
12,3,-11,1000,2.70591,1.3272,4.37674,8.80659,0.955,0.9403,0.9662
12,3,-10,1000,2.28941,0.9949,3.6387,8.16204,0.971,0.9587,0.9797
12,3,-9,1000,2.05868,0.7974,3.18968,8.3565,0.983,0.9729,0.9894
12,3,-8,1000,1.86714,0.7261,2.64248,7.31589,0.98,0.9693,0.987
12,3,-7,1000,1.52114,0.57105,2.05555,6.67282,0.992,0.9843,0.9959
12,3,-6,1000,1.42118,0.477,1.83584,6.34895,0.993,0.9856,0.9966
12,3,-5,1000,1.29284,0.40925,1.61026,6.53345,0.992,0.9843,0.9959
12,3,-4,1000,1.16834,0.3751,1.39202,5.2641,1.0,0.9962,1.0
12,3,-3,1000,0.88527,0.3349,1.10972,3.62104,0.997,0.9912,0.999
12,3,-2,1000,0.83377,0.2851,1.1582,3.18181,0.996,0.9898,0.9984
12,3,-1,1000,0.7049,0.22935,0.82645,2.77033,0.998,0.9927,0.9995
12,3,0,1000,0.6085,0.2183,0.77624,2.15023,1.0,0.9962,1.0
12,3,1,1000,0.54432,0.195,0.69778,2.18723,0.997,0.9912,0.999
12,3,2,1000,0.49781,0.16345,0.57846,1.81918,1.0,0.9962,1.0
12,3,3,1000,0.58679,0.1431,0.54873,2.27702,1.0,0.9962,1.0
12,3,4,1000,0.4161,0.13105,0.47831,1.47803,1.0,0.9962,1.0
12,3,5,1000,0.43773,0.12015,0.41673,1.68682,1.0,0.9962,1.0
12,3,6,1000,0.28735,0.0981,0.33512,1.19061,1.0,0.9962,1.0
12,3,7,1000,0.23506,0.09225,0.33552,0.95653,1.0,0.9962,1.0
12,3,8,1000,0.27064,0.08235,0.30552,0.88248,1.0,0.9962,1.0
12,3,9,1000,0.20902,0.0718,0.2414,0.73781,1.0,0.9962,1.0
12,3,10,1000,0.23676,0.06625,0.24655,0.84147,1.0,0.9962,1.0
12,3,11,1000,0.16181,0.05715,0.22626,0.69049,1.0,0.9962,1.0
12,3,12,1000,0.16697,0.05225,0.19951,0.64667,1.0,0.9962,1.0
12,3,13,1000,0.12968,0.04305,0.16183,0.47376,1.0,0.9962,1.0
12,3,14,1000,0.1306,0.04105,0.13754,0.43364,1.0,0.9962,1.0
12,3,15,1000,0.11271,0.0357,0.13624,0.43125,1.0,0.9962,1.0
12,3,16,1000,0.08909,0.03035,0.10886,0.32072,1.0,0.9962,1.0
12,3,17,1000,0.09355,0.02725,0.11368,0.32909,1.0,0.9962,1.0
12,3,18,1000,0.07584,0.02495,0.08712,0.31158,1.0,0.9962,1.0
12,3,19,1000,0.06616,0.0224,0.07811,0.30037,1.0,0.9962,1.0
12,3,20,1000,0.07457,0.02015,0.07522,0.24276,1.0,0.9962,1.0
12,3,21,1000,0.05464,0.0178,0.06362,0.21805,1.0,0.9962,1.0
12,3,22,1000,0.05248,0.01555,0.05886,0.23473,1.0,0.9962,1.0
12,3,23,1000,0.03808,0.0145,0.05034,0.12387,1.0,0.9962,1.0
12,3,24,1000,0.04016,0.0129,0.04282,0.19399,1.0,0.9962,1.0
12,3,25,1000,0.03098,0.0117,0.04151,0.12071,1.0,0.9962,1.0
12,3,26,1000,0.03564,0.0108,0.03682,0.12433,1.0,0.9962,1.0
12,3,27,1000,0.02609,0.0086,0.0308,0.10932,1.0,0.9962,1.0
12,3,28,1000,0.02497,0.00855,0.02751,0.08062,1.0,0.9962,1.0
12,3,29,1000,0.02765,0.0075,0.02753,0.12088,1.0,0.9962,1.0
12,3,30,1000,0.01562,0.0065,0.02291,0.05853,1.0,0.9962,1.0
16,1,-15,1000,3.98797,2.3789,7.04498,9.75389,0.782,0.7554,0.8065
16,1,-14,1000,3.36374,1.7067,6.0117,8.87207,0.891,0.8702,0.9088
16,1,-13,1000,2.79894,1.4858,4.71105,8.75652,0.976,0.9645,0.9838
16,1,-12,1000,2.01182,0.98185,3.29942,6.66254,0.99,0.9817,0.9946
16,1,-11,1000,1.60855,0.75435,2.60484,5.81865,0.994,0.987,0.9972
16,1,-10,1000,1.21966,0.6019,1.94432,3.98083,0.997,0.9912,0.999
16,1,-9,1000,1.09792,0.50725,1.59495,4.06705,1.0,0.9962,1.0
16,1,-8,1000,0.81559,0.4097,1.1712,2.75247,0.999,0.9944,0.9998
16,1,-7,1000,0.68425,0.3532,1.01848,2.34925,1.0,0.9962,1.0
16,1,-6,1000,0.61884,0.30215,0.90534,2.4326,1.0,0.9962,1.0
16,1,-5,1000,0.50842,0.25525,0.81342,1.87064,1.0,0.9962,1.0
16,1,-4,1000,0.45709,0.20425,0.70081,1.54651,1.0,0.9962,1.0
16,1,-3,1000,0.41557,0.19395,0.6545,1.45159,1.0,0.9962,1.0
16,1,-2,1000,0.35617,0.1634,0.53913,1.30898,1.0,0.9962,1.0
16,1,-1,1000,0.31075,0.14565,0.45087,1.14881,1.0,0.9962,1.0
16,1,0,1000,0.26473,0.11955,0.40141,0.97117,1.0,0.9962,1.0
16,1,1,1000,0.22057,0.1042,0.34723,0.73989,1.0,0.9962,1.0
16,1,2,1000,0.19113,0.10145,0.28977,0.64167,1.0,0.9962,1.0
16,1,3,1000,0.17021,0.0805,0.24073,0.60214,1.0,0.9962,1.0
16,1,4,1000,0.15289,0.0772,0.20712,0.54505,1.0,0.9962,1.0
16,1,5,1000,0.1352,0.0666,0.20729,0.40535,1.0,0.9962,1.0
16,1,6,1000,0.12313,0.05755,0.18845,0.43627,1.0,0.9962,1.0
16,1,7,1000,0.10465,0.05055,0.15711,0.36857,1.0,0.9962,1.0
16,1,8,1000,0.10201,0.05165,0.15436,0.34743,1.0,0.9962,1.0
16,1,9,1000,0.08692,0.04175,0.13042,0.3231,1.0,0.9962,1.0
16,1,10,1000,0.07671,0.0382,0.11375,0.26648,1.0,0.9962,1.0
16,1,11,1000,0.0668,0.032,0.09801,0.23321,1.0,0.9962,1.0
16,1,12,1000,0.0612,0.02985,0.09184,0.22169,1.0,0.9962,1.0
16,1,13,1000,0.05294,0.0269,0.0827,0.17901,1.0,0.9962,1.0
16,1,14,1000,0.04825,0.0232,0.07091,0.18293,1.0,0.9962,1.0
16,1,15,1000,0.04076,0.01975,0.06233,0.14283,1.0,0.9962,1.0
16,1,16,1000,0.04108,0.01995,0.0574,0.15698,1.0,0.9962,1.0
16,1,17,1000,0.03517,0.0167,0.0528,0.12961,1.0,0.9962,1.0
16,1,18,1000,0.02923,0.0143,0.04395,0.09781,1.0,0.9962,1.0
16,1,19,1000,0.02623,0.01245,0.0363,0.10062,1.0,0.9962,1.0
16,1,20,1000,0.02512,0.0116,0.03442,0.09347,1.0,0.9962,1.0
16,1,21,1000,0.02288,0.01105,0.03231,0.08741,1.0,0.9962,1.0
16,1,22,1000,0.01886,0.00965,0.0289,0.0633,1.0,0.9962,1.0
16,1,23,1000,0.01811,0.0086,0.0264,0.06613,1.0,0.9962,1.0
16,1,24,1000,0.01552,0.0075,0.02331,0.05193,1.0,0.9962,1.0
16,1,25,1000,0.01282,0.007,0.02061,0.03801,1.0,0.9962,1.0
16,1,26,1000,0.01264,0.0062,0.0189,0.04291,1.0,0.9962,1.0
16,1,27,1000,0.01055,0.0056,0.01752,0.0346,1.0,0.9962,1.0
16,1,28,1000,0.00997,0.0048,0.0139,0.03981,1.0,0.9962,1.0
16,1,29,1000,0.00837,0.0042,0.0129,0.02662,1.0,0.9962,1.0
16,1,30,1000,0.0075,0.0038,0.0114,0.0257,1.0,0.9962,1.0
16,2,-15,1000,4.10892,2.3843,7.5302,9.51938,0.811,0.7856,0.8341
16,2,-14,1000,3.49256,1.8656,5.96538,9.4824,0.893,0.8723,0.9107
16,2,-13,1000,2.8159,1.37125,4.71545,8.95838,0.952,0.9369,0.9636
16,2,-12,1000,2.15931,1.0892,3.44707,7.70805,0.984,0.9742,0.9901
16,2,-11,1000,1.61269,0.7867,2.44922,5.79057,0.987,0.9779,0.9924
16,2,-10,1000,1.36898,0.6372,1.94219,4.90226,0.994,0.987,0.9972
16,2,-9,1000,1.12993,0.5211,1.63972,4.06911,0.999,0.9944,0.9998
16,2,-8,1000,0.88251,0.4001,1.25916,3.10629,0.999,0.9944,0.9998
16,2,-7,1000,0.75615,0.3325,1.11736,2.63552,1.0,0.9962,1.0
16,2,-6,1000,0.61138,0.2732,0.90188,2.1857,0.999,0.9944,0.9998
16,2,-5,1000,0.58042,0.2644,0.82292,2.28093,1.0,0.9962,1.0
16,2,-4,1000,0.55954,0.209,0.66299,2.41083,0.998,0.9927,0.9995
16,2,-3,1000,0.44614,0.194,0.58435,1.5763,1.0,0.9962,1.0
16,2,-2,1000,0.40952,0.1711,0.54453,1.34142,1.0,0.9962,1.0
16,2,-1,1000,0.28793,0.139,0.43496,1.02417,1.0,0.9962,1.0
16,2,0,1000,0.29653,0.1275,0.39407,0.95118,1.0,0.9962,1.0
16,2,1,1000,0.24449,0.12035,0.35846,0.89766,1.0,0.9962,1.0
16,2,2,1000,0.24102,0.09505,0.30023,0.84094,1.0,0.9962,1.0
16,2,3,1000,0.17195,0.08645,0.24143,0.62057,1.0,0.9962,1.0
16,2,4,1000,0.17872,0.08235,0.25493,0.67927,1.0,0.9962,1.0
16,2,5,1000,0.15609,0.07135,0.23922,0.59402,1.0,0.9962,1.0
16,2,6,1000,0.1353,0.06,0.18779,0.5515,1.0,0.9962,1.0
16,2,7,1000,0.13994,0.05545,0.17491,0.49191,1.0,0.9962,1.0
16,2,8,1000,0.12665,0.04935,0.1598,0.47217,1.0,0.9962,1.0
16,2,9,1000,0.09285,0.0431,0.14582,0.34025,1.0,0.9962,1.0
16,2,10,1000,0.08373,0.0371,0.11516,0.31436,1.0,0.9962,1.0
16,2,11,1000,0.08755,0.03375,0.10913,0.32931,1.0,0.9962,1.0
16,2,12,1000,0.06831,0.02995,0.0971,0.25264,1.0,0.9962,1.0
16,2,13,1000,0.06599,0.0275,0.09631,0.22797,1.0,0.9962,1.0
16,2,14,1000,0.05691,0.0247,0.07631,0.19914,1.0,0.9962,1.0
16,2,15,1000,0.04926,0.0207,0.07139,0.15922,1.0,0.9962,1.0
16,2,16,1000,0.04132,0.0199,0.06334,0.15481,1.0,0.9962,1.0
16,2,17,1000,0.03542,0.0174,0.05712,0.12801,1.0,0.9962,1.0
16,2,18,1000,0.03557,0.01565,0.0448,0.11784,1.0,0.9962,1.0
16,2,19,1000,0.02999,0.0136,0.04349,0.11461,1.0,0.9962,1.0
16,2,20,1000,0.02863,0.01205,0.03821,0.11486,1.0,0.9962,1.0
16,2,21,1000,0.02798,0.0103,0.03441,0.08433,1.0,0.9962,1.0
16,2,22,1000,0.01959,0.0087,0.03032,0.06932,1.0,0.9962,1.0
16,2,23,1000,0.02038,0.00805,0.02681,0.07277,1.0,0.9962,1.0
16,2,24,1000,0.01776,0.008,0.02441,0.06441,1.0,0.9962,1.0
16,2,25,1000,0.01521,0.0072,0.02162,0.05795,1.0,0.9962,1.0
16,2,26,1000,0.01324,0.0061,0.01861,0.05171,1.0,0.9962,1.0
16,2,27,1000,0.01111,0.0053,0.01732,0.0396,1.0,0.9962,1.0
16,2,28,1000,0.01095,0.0051,0.01441,0.03681,1.0,0.9962,1.0
16,2,29,1000,0.01097,0.0044,0.0144,0.04091,1.0,0.9962,1.0
16,2,30,1000,0.00843,0.0041,0.01231,0.03222,1.0,0.9962,1.0
16,3,-15,1000,4.26053,2.7408,7.64804,9.6211,0.757,0.7295,0.7826
16,3,-14,1000,3.70465,2.0903,6.6886,9.65562,0.859,0.8361,0.8792
16,3,-13,1000,3.10511,1.53965,5.47777,9.22466,0.93,0.9125,0.9442
16,3,-12,1000,2.41133,1.17655,4.0448,7.929,0.96,0.946,0.9705
16,3,-11,1000,2.08563,0.9426,3.3044,8.03831,0.98,0.9693,0.987
16,3,-10,1000,1.7592,0.6911,2.5508,7.11786,0.99,0.9817,0.9946
16,3,-9,1000,1.34667,0.5794,1.89572,4.91215,0.993,0.9856,0.9966
16,3,-8,1000,1.33938,0.4949,1.78788,4.85597,0.992,0.9843,0.9959
16,3,-7,1000,1.12789,0.4367,1.44644,3.98693,0.997,0.9912,0.999
16,3,-6,1000,0.94957,0.3296,1.11634,4.4483,0.999,0.9944,0.9998
16,3,-5,1000,0.78809,0.3063,1.068,2.6482,0.999,0.9944,0.9998
16,3,-4,1000,0.74875,0.2475,0.92398,3.31237,0.999,0.9944,0.9998
16,3,-3,1000,0.60471,0.2193,0.80931,2.11751,1.0,0.9962,1.0
16,3,-2,1000,0.47417,0.1957,0.58406,2.11715,0.999,0.9944,0.9998
16,3,-1,1000,0.51047,0.1697,0.64028,1.80031,0.999,0.9944,0.9998
16,3,0,1000,0.39301,0.1514,0.4868,1.36449,1.0,0.9962,1.0
16,3,1,1000,0.3031,0.1232,0.42549,1.16236,1.0,0.9962,1.0
16,3,2,1000,0.36953,0.12515,0.45231,1.25292,1.0,0.9962,1.0
16,3,3,1000,0.26598,0.10265,0.33494,1.02048,1.0,0.9962,1.0
16,3,4,1000,0.21726,0.0904,0.31764,0.81067,1.0,0.9962,1.0
16,3,5,1000,0.23612,0.0822,0.29027,0.68297,1.0,0.9962,1.0
16,3,6,1000,0.18494,0.07205,0.25197,0.69492,1.0,0.9962,1.0
16,3,7,1000,0.15355,0.06515,0.20607,0.5409,1.0,0.9962,1.0
16,3,8,1000,0.16971,0.05465,0.18205,0.65019,1.0,0.9962,1.0
16,3,9,1000,0.1348,0.0518,0.17343,0.44448,1.0,0.9962,1.0
16,3,10,1000,0.181,0.04575,0.16062,0.42947,1.0,0.9962,1.0
16,3,11,1000,0.11587,0.0413,0.15201,0.37322,1.0,0.9962,1.0
16,3,12,1000,0.10114,0.0354,0.12431,0.32143,1.0,0.9962,1.0
16,3,13,1000,0.07202,0.0302,0.11118,0.28581,1.0,0.9962,1.0
16,3,14,1000,0.09534,0.02885,0.09972,0.33897,1.0,0.9962,1.0
16,3,15,1000,0.07184,0.02625,0.08683,0.25784,1.0,0.9962,1.0
16,3,16,1000,0.05856,0.0219,0.07553,0.22563,1.0,0.9962,1.0
16,3,17,1000,0.04756,0.02055,0.06603,0.15701,1.0,0.9962,1.0
16,3,18,1000,0.04445,0.0186,0.0644,0.16091,1.0,0.9962,1.0
16,3,19,1000,0.0402,0.0152,0.05404,0.16553,1.0,0.9962,1.0
16,3,20,1000,0.04196,0.01505,0.05445,0.14724,1.0,0.9962,1.0
16,3,21,1000,0.03616,0.01315,0.04502,0.12491,1.0,0.9962,1.0
16,3,22,1000,0.03047,0.0107,0.03851,0.11474,1.0,0.9962,1.0
16,3,23,1000,0.02304,0.0094,0.0302,0.09304,1.0,0.9962,1.0
16,3,24,1000,0.02189,0.01,0.03343,0.07918,1.0,0.9962,1.0
16,3,25,1000,0.01955,0.00815,0.02784,0.07241,1.0,0.9962,1.0
16,3,26,1000,0.01819,0.0072,0.02421,0.0683,1.0,0.9962,1.0
16,3,27,1000,0.01605,0.0063,0.0207,0.05872,1.0,0.9962,1.0
16,3,28,1000,0.01311,0.00565,0.01951,0.04673,1.0,0.9962,1.0
16,3,29,1000,0.01325,0.00485,0.01742,0.04572,1.0,0.9962,1.0
16,3,30,1000,0.01005,0.0044,0.01521,0.03731,1.0,0.9962,1.0
20,1,-15,1000,3.5772,2.06685,6.33255,9.32119,0.866,0.8435,0.8857
20,1,-14,1000,2.70579,1.43525,4.6702,8.21449,0.946,0.9302,0.9584
20,1,-13,1000,2.06059,0.9739,3.14428,7.66717,0.987,0.9779,0.9924
20,1,-12,1000,1.60049,0.8016,2.4138,5.74569,0.991,0.983,0.9953
20,1,-11,1000,1.17152,0.56395,1.72386,4.28601,1.0,0.9962,1.0
20,1,-10,1000,1.06642,0.4599,1.5638,4.33169,1.0,0.9962,1.0
20,1,-9,1000,0.92591,0.3773,1.20641,3.65001,1.0,0.9962,1.0
20,1,-8,1000,0.60087,0.3199,0.92187,2.11462,1.0,0.9962,1.0
20,1,-7,1000,0.61798,0.2568,0.87244,1.93752,1.0,0.9962,1.0
20,1,-6,1000,0.49746,0.21525,0.72015,1.95371,1.0,0.9962,1.0
20,1,-5,1000,0.42304,0.1971,0.59355,1.49755,1.0,0.9962,1.0
20,1,-4,1000,0.34847,0.156,0.51425,1.35319,1.0,0.9962,1.0
20,1,-3,1000,0.31165,0.14725,0.44696,1.1303,1.0,0.9962,1.0
20,1,-2,1000,0.26786,0.1401,0.40345,0.93613,1.0,0.9962,1.0
20,1,-1,1000,0.21688,0.11335,0.31235,0.71882,1.0,0.9962,1.0
20,1,0,1000,0.19753,0.09955,0.32339,0.65531,1.0,0.9962,1.0
20,1,1,1000,0.17805,0.08425,0.2717,0.64435,1.0,0.9962,1.0
20,1,2,1000,0.14564,0.0731,0.22495,0.5015,1.0,0.9962,1.0
20,1,3,1000,0.1369,0.07015,0.2058,0.43843,1.0,0.9962,1.0
20,1,4,1000,0.12524,0.0641,0.18976,0.4195,1.0,0.9962,1.0
20,1,5,1000,0.10966,0.0546,0.17259,0.38362,1.0,0.9962,1.0
20,1,6,1000,0.09528,0.0463,0.13333,0.35409,1.0,0.9962,1.0
20,1,7,1000,0.08879,0.04245,0.12495,0.32582,1.0,0.9962,1.0
20,1,8,1000,0.08054,0.0388,0.1195,0.27344,1.0,0.9962,1.0
20,1,9,1000,0.06192,0.0317,0.09548,0.21015,1.0,0.9962,1.0
20,1,10,1000,0.05843,0.02805,0.08792,0.19862,1.0,0.9962,1.0
20,1,11,1000,0.05579,0.02745,0.07594,0.17334,1.0,0.9962,1.0
20,1,12,1000,0.04843,0.02435,0.07142,0.1686,1.0,0.9962,1.0
20,1,13,1000,0.04191,0.0205,0.06203,0.14884,1.0,0.9962,1.0
20,1,14,1000,0.03851,0.019,0.05787,0.13528,1.0,0.9962,1.0
20,1,15,1000,0.03584,0.0166,0.05551,0.13972,1.0,0.9962,1.0
20,1,16,1000,0.0317,0.0147,0.04691,0.11852,1.0,0.9962,1.0
20,1,17,1000,0.02776,0.0137,0.03972,0.09843,1.0,0.9962,1.0
20,1,18,1000,0.02399,0.0128,0.03435,0.0854,1.0,0.9962,1.0
20,1,19,1000,0.02241,0.0108,0.03053,0.08298,1.0,0.9962,1.0
20,1,20,1000,0.021,0.0093,0.03,0.07921,1.0,0.9962,1.0
20,1,21,1000,0.01812,0.0086,0.02582,0.06702,1.0,0.9962,1.0
20,1,22,1000,0.01605,0.00715,0.02391,0.05492,1.0,0.9962,1.0
20,1,23,1000,0.01429,0.0069,0.0208,0.05272,1.0,0.9962,1.0
20,1,24,1000,0.01198,0.0061,0.0175,0.04222,1.0,0.9962,1.0
20,1,25,1000,0.0101,0.0052,0.01571,0.03481,1.0,0.9962,1.0
20,1,26,1000,0.0093,0.0048,0.0143,0.03221,1.0,0.9962,1.0
20,1,27,1000,0.00815,0.0042,0.0126,0.0272,1.0,0.9962,1.0
20,1,28,1000,0.00783,0.00345,0.0121,0.02851,1.0,0.9962,1.0
20,1,29,1000,0.0061,0.0034,0.0094,0.01961,1.0,0.9962,1.0
20,1,30,1000,0.00609,0.003,0.00912,0.0212,1.0,0.9962,1.0
20,2,-15,1000,3.61654,2.13305,6.2919,9.17653,0.866,0.8435,0.8857
20,2,-14,1000,2.8976,1.47295,5.0195,8.9318,0.956,0.9414,0.9671
20,2,-13,1000,2.20128,0.9888,3.6294,7.76112,0.976,0.9645,0.9838
20,2,-12,1000,1.68405,0.7479,2.51745,6.10346,0.99,0.9817,0.9946
20,2,-11,1000,1.43339,0.65265,1.96014,5.68363,0.998,0.9927,0.9995
20,2,-10,1000,1.12038,0.4695,1.55346,4.32225,0.999,0.9944,0.9998
20,2,-9,1000,0.98215,0.4294,1.37426,3.47043,0.999,0.9944,0.9998
20,2,-8,1000,0.83968,0.3362,1.11877,2.89401,1.0,0.9962,1.0
20,2,-7,1000,0.67621,0.2595,0.826,2.22663,1.0,0.9962,1.0
20,2,-6,1000,0.50901,0.23035,0.70501,1.91092,1.0,0.9962,1.0
20,2,-5,1000,0.47292,0.21105,0.69406,1.5429,1.0,0.9962,1.0
20,2,-4,1000,0.37478,0.1741,0.50386,1.40518,1.0,0.9962,1.0
20,2,-3,1000,0.37077,0.1513,0.46993,1.17284,0.998,0.9927,0.9995
20,2,-2,1000,0.26852,0.12045,0.36793,1.06555,1.0,0.9962,1.0
20,2,-1,1000,0.28166,0.11875,0.34133,0.96574,1.0,0.9962,1.0
20,2,0,1000,0.2242,0.10245,0.33266,0.81249,1.0,0.9962,1.0
20,2,1,1000,0.19187,0.09425,0.28097,0.69056,1.0,0.9962,1.0
20,2,2,1000,0.18325,0.08125,0.25197,0.66811,1.0,0.9962,1.0
20,2,3,1000,0.16175,0.07065,0.22537,0.54467,1.0,0.9962,1.0
20,2,4,1000,0.13041,0.0601,0.18545,0.5232,1.0,0.9962,1.0
20,2,5,1000,0.1161,0.05265,0.15445,0.41092,1.0,0.9962,1.0
20,2,6,1000,0.11498,0.0477,0.15402,0.43679,1.0,0.9962,1.0
20,2,7,1000,0.0938,0.0398,0.12938,0.37847,1.0,0.9962,1.0
20,2,8,1000,0.08674,0.04025,0.11473,0.3543,1.0,0.9962,1.0
20,2,9,1000,0.06673,0.0322,0.09772,0.25081,1.0,0.9962,1.0
20,2,10,1000,0.06774,0.029,0.10017,0.24633,1.0,0.9962,1.0
20,2,11,1000,0.05773,0.0265,0.08195,0.21569,1.0,0.9962,1.0
20,2,12,1000,0.05315,0.02255,0.07124,0.19648,1.0,0.9962,1.0
20,2,13,1000,0.04786,0.02125,0.06511,0.15685,1.0,0.9962,1.0
20,2,14,1000,0.04115,0.0191,0.0567,0.15393,1.0,0.9962,1.0
20,2,15,1000,0.03624,0.0173,0.05126,0.1262,1.0,0.9962,1.0
20,2,16,1000,0.03524,0.0159,0.04722,0.13034,1.0,0.9962,1.0
20,2,17,1000,0.02851,0.0136,0.03924,0.0996,1.0,0.9962,1.0
20,2,18,1000,0.02642,0.0125,0.03912,0.09512,1.0,0.9962,1.0
20,2,19,1000,0.023,0.0103,0.03251,0.08184,1.0,0.9962,1.0
20,2,20,1000,0.02175,0.00985,0.0283,0.08934,1.0,0.9962,1.0
20,2,21,1000,0.01803,0.0087,0.02631,0.05871,1.0,0.9962,1.0
20,2,22,1000,0.01714,0.0078,0.02603,0.06072,1.0,0.9962,1.0
20,2,23,1000,0.01417,0.00675,0.02171,0.0494,1.0,0.9962,1.0
20,2,24,1000,0.013,0.00625,0.01822,0.04543,1.0,0.9962,1.0
20,2,25,1000,0.01205,0.0055,0.01731,0.04341,1.0,0.9962,1.0
20,2,26,1000,0.011,0.0047,0.01481,0.0453,1.0,0.9962,1.0
20,2,27,1000,0.00926,0.0043,0.0131,0.0387,1.0,0.9962,1.0
20,2,28,1000,0.00767,0.0037,0.01202,0.0262,1.0,0.9962,1.0
20,2,29,1000,0.00708,0.0035,0.01071,0.0253,1.0,0.9962,1.0
20,2,30,1000,0.00701,0.003,0.00931,0.0241,1.0,0.9962,1.0
20,3,-15,1000,3.80532,2.3718,6.63819,9.17866,0.83,0.8055,0.852
20,3,-14,1000,3.23673,1.6639,5.51656,9.26748,0.917,0.8983,0.9325
20,3,-13,1000,2.57149,1.22075,4.46475,8.24097,0.966,0.9529,0.9756
20,3,-12,1000,1.84522,0.8608,2.92558,6.56875,0.987,0.9779,0.9924
20,3,-11,1000,1.66337,0.73475,2.37848,6.66557,0.99,0.9817,0.9946
20,3,-10,1000,1.34545,0.5774,2.0092,5.0011,0.993,0.9856,0.9966
20,3,-9,1000,1.07166,0.42565,1.47535,4.16252,0.998,0.9927,0.9995
20,3,-8,1000,0.98695,0.392,1.29616,3.66836,0.999,0.9944,0.9998
20,3,-7,1000,0.7455,0.3135,1.01334,2.58928,0.999,0.9944,0.9998
20,3,-6,1000,0.66664,0.26615,0.84091,2.30784,1.0,0.9962,1.0
20,3,-5,1000,0.63849,0.24615,0.83876,1.94491,1.0,0.9962,1.0
20,3,-4,1000,0.45219,0.19055,0.68595,1.68245,1.0,0.9962,1.0
20,3,-3,1000,0.39141,0.1528,0.5567,1.50142,0.999,0.9944,0.9998
20,3,-2,1000,0.37677,0.1516,0.49001,0.99794,1.0,0.9962,1.0
20,3,-1,1000,0.29399,0.12785,0.4598,1.09095,1.0,0.9962,1.0
20,3,0,1000,0.27821,0.10825,0.39406,1.08328,1.0,0.9962,1.0
20,3,1,1000,0.23654,0.10545,0.35042,0.94619,1.0,0.9962,1.0
20,3,2,1000,0.21594,0.09015,0.27835,0.66015,1.0,0.9962,1.0
20,3,3,1000,0.19116,0.0815,0.2603,0.72254,1.0,0.9962,1.0
20,3,4,1000,0.16631,0.0695,0.24298,0.52996,1.0,0.9962,1.0
20,3,5,1000,0.15179,0.0629,0.21622,0.5197,1.0,0.9962,1.0
20,3,6,1000,0.12088,0.0589,0.17543,0.41767,1.0,0.9962,1.0
20,3,7,1000,0.12416,0.0517,0.16921,0.5379,1.0,0.9962,1.0
20,3,8,1000,0.10619,0.04185,0.14702,0.38863,1.0,0.9962,1.0
20,3,9,1000,0.10819,0.042,0.14689,0.42125,1.0,0.9962,1.0
20,3,10,1000,0.09093,0.0349,0.11832,0.30545,1.0,0.9962,1.0
20,3,11,1000,0.06574,0.02885,0.09872,0.21782,1.0,0.9962,1.0
20,3,12,1000,0.06694,0.02885,0.08255,0.26481,1.0,0.9962,1.0
20,3,13,1000,0.06244,0.0246,0.08211,0.20231,1.0,0.9962,1.0
20,3,14,1000,0.04851,0.02085,0.0712,0.1847,1.0,0.9962,1.0
20,3,15,1000,0.04807,0.0192,0.06301,0.16555,1.0,0.9962,1.0
20,3,16,1000,0.03903,0.0167,0.05731,0.15255,1.0,0.9962,1.0
20,3,17,1000,0.03974,0.01755,0.05501,0.13954,1.0,0.9962,1.0
20,3,18,1000,0.03224,0.01335,0.04487,0.11882,1.0,0.9962,1.0
20,3,19,1000,0.02742,0.01235,0.04332,0.10081,1.0,0.9962,1.0
20,3,20,1000,0.02893,0.0108,0.036,0.11232,1.0,0.9962,1.0
20,3,21,1000,0.02283,0.0098,0.03531,0.08061,1.0,0.9962,1.0
20,3,22,1000,0.02213,0.0089,0.0297,0.08581,1.0,0.9962,1.0
20,3,23,1000,0.01921,0.0084,0.02791,0.07804,1.0,0.9962,1.0
20,3,24,1000,0.01521,0.00665,0.02282,0.0528,1.0,0.9962,1.0
20,3,25,1000,0.01431,0.00605,0.02051,0.04453,1.0,0.9962,1.0
20,3,26,1000,0.01267,0.0057,0.01841,0.04051,1.0,0.9962,1.0
20,3,27,1000,0.01241,0.0052,0.01741,0.0419,1.0,0.9962,1.0
20,3,28,1000,0.01046,0.0044,0.0149,0.04151,1.0,0.9962,1.0
20,3,29,1000,0.00829,0.0037,0.01201,0.02843,1.0,0.9962,1.0
20,3,30,1000,0.00848,0.0036,0.0116,0.02911,1.0,0.9962,1.0
24,1,-15,1000,3.37251,1.7775,5.80924,9.47333,0.934,0.9169,0.9478
24,1,-14,1000,2.4296,1.2074,4.07648,7.73545,0.975,0.9634,0.983
24,1,-13,1000,1.64834,0.7913,2.53631,6.17771,0.992,0.9843,0.9959
24,1,-12,1000,1.41845,0.6204,2.07566,5.76271,1.0,0.9962,1.0
24,1,-11,1000,1.07713,0.47205,1.6824,3.77639,0.998,0.9927,0.9995
24,1,-10,1000,0.79663,0.39485,1.20576,2.9562,1.0,0.9962,1.0
24,1,-9,1000,0.68717,0.3071,1.00457,2.49439,1.0,0.9962,1.0
24,1,-8,1000,0.56734,0.28005,0.8269,2.07819,1.0,0.9962,1.0
24,1,-7,1000,0.43917,0.21225,0.63213,1.57047,1.0,0.9962,1.0
24,1,-6,1000,0.38217,0.198,0.5373,1.25953,1.0,0.9962,1.0
24,1,-5,1000,0.34589,0.16405,0.49159,1.43836,1.0,0.9962,1.0
24,1,-4,1000,0.2734,0.1316,0.39645,1.06494,1.0,0.9962,1.0
24,1,-3,1000,0.25516,0.1313,0.37618,0.87362,1.0,0.9962,1.0
24,1,-2,1000,0.22477,0.11205,0.3021,0.84482,1.0,0.9962,1.0
24,1,-1,1000,0.18829,0.0962,0.28123,0.6865,1.0,0.9962,1.0
24,1,0,1000,0.17312,0.081,0.26008,0.57542,1.0,0.9962,1.0
24,1,1,1000,0.14882,0.0736,0.22211,0.56011,1.0,0.9962,1.0
24,1,2,1000,0.12816,0.0652,0.20508,0.4443,1.0,0.9962,1.0
24,1,3,1000,0.12618,0.05605,0.18358,0.49245,1.0,0.9962,1.0
24,1,4,1000,0.10654,0.04815,0.14591,0.39239,1.0,0.9962,1.0
24,1,5,1000,0.09546,0.0458,0.14643,0.31101,1.0,0.9962,1.0
24,1,6,1000,0.08001,0.0422,0.11999,0.27621,1.0,0.9962,1.0
24,1,7,1000,0.07222,0.0354,0.11283,0.2429,1.0,0.9962,1.0
24,1,8,1000,0.06021,0.0308,0.0893,0.2206,1.0,0.9962,1.0
24,1,9,1000,0.05877,0.02845,0.08316,0.22327,1.0,0.9962,1.0
24,1,10,1000,0.04708,0.026,0.0732,0.16892,1.0,0.9962,1.0
24,1,11,1000,0.04603,0.0226,0.06641,0.17071,1.0,0.9962,1.0
24,1,12,1000,0.04032,0.0195,0.06236,0.14036,1.0,0.9962,1.0
24,1,13,1000,0.03745,0.01805,0.05335,0.14293,1.0,0.9962,1.0
24,1,14,1000,0.03261,0.01625,0.0471,0.12746,1.0,0.9962,1.0
24,1,15,1000,0.02992,0.0138,0.04244,0.11672,1.0,0.9962,1.0
24,1,16,1000,0.02636,0.0123,0.03722,0.08723,1.0,0.9962,1.0
24,1,17,1000,0.02523,0.01195,0.0381,0.08986,1.0,0.9962,1.0
24,1,18,1000,0.02026,0.00975,0.02993,0.07172,1.0,0.9962,1.0
24,1,19,1000,0.01862,0.0086,0.0262,0.07002,1.0,0.9962,1.0
24,1,20,1000,0.01514,0.0077,0.02412,0.04911,1.0,0.9962,1.0
24,1,21,1000,0.01433,0.0072,0.0209,0.0525,1.0,0.9962,1.0
24,1,22,1000,0.01275,0.0061,0.02021,0.04193,1.0,0.9962,1.0
24,1,23,1000,0.01075,0.0056,0.0162,0.03621,1.0,0.9962,1.0
24,1,24,1000,0.01008,0.0053,0.01501,0.03571,1.0,0.9962,1.0
24,1,25,1000,0.00837,0.0041,0.01301,0.0286,1.0,0.9962,1.0
24,1,26,1000,0.00723,0.0037,0.01112,0.02502,1.0,0.9962,1.0
24,1,27,1000,0.00686,0.0035,0.01121,0.0223,1.0,0.9962,1.0
24,1,28,1000,0.00637,0.00305,0.0095,0.02301,1.0,0.9962,1.0
24,1,29,1000,0.00534,0.0027,0.0077,0.01881,1.0,0.9962,1.0
24,1,30,1000,0.00525,0.0024,0.0077,0.0178,1.0,0.9962,1.0
24,2,-15,1000,3.32069,1.9222,5.6865,9.29376,0.919,0.9004,0.9344
24,2,-14,1000,2.4632,1.21145,4.07105,7.80926,0.966,0.9529,0.9756
24,2,-13,1000,1.8952,0.87265,3.18922,5.99814,0.992,0.9843,0.9959
24,2,-12,1000,1.40509,0.6358,2.19469,4.81651,0.998,0.9927,0.9995
24,2,-11,1000,1.22533,0.451,1.68094,5.13098,0.999,0.9944,0.9998
24,2,-10,1000,0.92559,0.4261,1.25662,3.32249,1.0,0.9962,1.0
24,2,-9,1000,0.76871,0.3456,1.02794,2.76129,0.999,0.9944,0.9998
24,2,-8,1000,0.60646,0.27705,0.83857,2.54926,1.0,0.9962,1.0
24,2,-7,1000,0.46116,0.21875,0.69397,1.71639,1.0,0.9962,1.0
24,2,-6,1000,0.47133,0.1881,0.61878,1.90284,1.0,0.9962,1.0
24,2,-5,1000,0.36256,0.1576,0.54222,1.45407,1.0,0.9962,1.0
24,2,-4,1000,0.30172,0.1318,0.40462,1.07228,1.0,0.9962,1.0
24,2,-3,1000,0.26416,0.1285,0.37409,0.93151,1.0,0.9962,1.0
24,2,-2,1000,0.24158,0.10435,0.35008,0.88441,1.0,0.9962,1.0
24,2,-1,1000,0.2032,0.0969,0.28289,0.69605,1.0,0.9962,1.0
24,2,0,1000,0.16999,0.0862,0.24865,0.56892,1.0,0.9962,1.0
24,2,1,1000,0.1602,0.0752,0.22289,0.53658,1.0,0.9962,1.0
24,2,2,1000,0.1299,0.0697,0.19452,0.45349,1.0,0.9962,1.0
24,2,3,1000,0.12077,0.0599,0.1772,0.41701,1.0,0.9962,1.0
24,2,4,1000,0.10669,0.04795,0.14597,0.35422,1.0,0.9962,1.0
24,2,5,1000,0.10169,0.04395,0.13774,0.39637,1.0,0.9962,1.0
24,2,6,1000,0.09622,0.0388,0.12103,0.34247,1.0,0.9962,1.0
24,2,7,1000,0.07011,0.0375,0.10514,0.23091,1.0,0.9962,1.0
24,2,8,1000,0.06166,0.03005,0.09238,0.20263,1.0,0.9962,1.0
24,2,9,1000,0.07082,0.0295,0.08531,0.24203,1.0,0.9962,1.0
24,2,10,1000,0.05359,0.0249,0.08334,0.19802,1.0,0.9962,1.0
24,2,11,1000,0.04675,0.02235,0.06615,0.19183,1.0,0.9962,1.0
24,2,12,1000,0.04071,0.0202,0.06041,0.1419,1.0,0.9962,1.0
24,2,13,1000,0.03517,0.0172,0.04972,0.1289,1.0,0.9962,1.0
24,2,14,1000,0.03448,0.0168,0.04843,0.11951,1.0,0.9962,1.0
24,2,15,1000,0.03211,0.01535,0.04656,0.12652,1.0,0.9962,1.0
24,2,16,1000,0.02669,0.0129,0.03956,0.08156,1.0,0.9962,1.0
24,2,17,1000,0.02535,0.0122,0.03691,0.07981,1.0,0.9962,1.0
24,2,18,1000,0.02098,0.01,0.0331,0.07094,1.0,0.9962,1.0
24,2,19,1000,0.01869,0.0085,0.02681,0.06371,1.0,0.9962,1.0
24,2,20,1000,0.01629,0.0083,0.02423,0.05341,1.0,0.9962,1.0
24,2,21,1000,0.01551,0.0071,0.02242,0.06392,1.0,0.9962,1.0
24,2,22,1000,0.01287,0.0063,0.0185,0.0508,1.0,0.9962,1.0
24,2,23,1000,0.01348,0.0059,0.01811,0.0508,1.0,0.9962,1.0
24,2,24,1000,0.01089,0.0052,0.01591,0.039,1.0,0.9962,1.0
24,2,25,1000,0.01119,0.0045,0.0148,0.04102,1.0,0.9962,1.0
24,2,26,1000,0.00944,0.0039,0.0126,0.03292,1.0,0.9962,1.0
24,2,27,1000,0.00719,0.0035,0.01081,0.0242,1.0,0.9962,1.0
24,2,28,1000,0.0067,0.0032,0.0102,0.0249,1.0,0.9962,1.0
24,2,29,1000,0.00584,0.0026,0.00781,0.02042,1.0,0.9962,1.0
24,2,30,1000,0.00548,0.0025,0.008,0.02171,1.0,0.9962,1.0
24,3,-15,1000,3.60818,2.0004,6.42158,9.68408,0.905,0.8852,0.9217
24,3,-14,1000,2.80213,1.40335,4.75307,8.75875,0.948,0.9324,0.9601
24,3,-13,1000,2.06949,0.9982,3.40876,6.96054,0.982,0.9717,0.9886
24,3,-12,1000,1.75546,0.7889,2.63266,6.2941,0.995,0.9883,0.9979
24,3,-11,1000,1.32847,0.61685,2.05513,4.98349,0.998,0.9927,0.9995
24,3,-10,1000,1.12811,0.453,1.52996,4.78049,0.998,0.9927,0.9995
24,3,-9,1000,0.90093,0.3689,1.25855,3.3878,1.0,0.9962,1.0
24,3,-8,1000,0.67005,0.3078,1.01569,2.43783,1.0,0.9962,1.0
24,3,-7,1000,0.66206,0.25135,0.99067,2.49039,1.0,0.9962,1.0
24,3,-6,1000,0.4985,0.2203,0.73642,1.74079,0.999,0.9944,0.9998
24,3,-5,1000,0.4168,0.17935,0.60085,1.33687,1.0,0.9962,1.0
24,3,-4,1000,0.40542,0.16135,0.55661,1.49111,1.0,0.9962,1.0
24,3,-3,1000,0.33006,0.1348,0.46029,1.13494,1.0,0.9962,1.0
24,3,-2,1000,0.26688,0.12065,0.37633,1.01606,1.0,0.9962,1.0
24,3,-1,1000,0.26092,0.11455,0.38329,0.97249,1.0,0.9962,1.0
24,3,0,1000,0.24741,0.10245,0.32822,0.79376,1.0,0.9962,1.0
24,3,1,1000,0.18522,0.085,0.29091,0.65165,1.0,0.9962,1.0
24,3,2,1000,0.1657,0.0742,0.25794,0.5987,1.0,0.9962,1.0
24,3,3,1000,0.13303,0.06295,0.19785,0.45038,1.0,0.9962,1.0
24,3,4,1000,0.1356,0.05615,0.19979,0.48914,1.0,0.9962,1.0
24,3,5,1000,0.12427,0.05455,0.17911,0.49495,1.0,0.9962,1.0
24,3,6,1000,0.11321,0.04775,0.13985,0.4447,1.0,0.9962,1.0
24,3,7,1000,0.09658,0.0396,0.13932,0.34751,1.0,0.9962,1.0
24,3,8,1000,0.08128,0.0337,0.1201,0.29314,1.0,0.9962,1.0
24,3,9,1000,0.07172,0.0317,0.10735,0.2504,1.0,0.9962,1.0
24,3,10,1000,0.06646,0.0282,0.09224,0.22655,1.0,0.9962,1.0
24,3,11,1000,0.05785,0.0264,0.07781,0.19941,1.0,0.9962,1.0
24,3,12,1000,0.04817,0.02195,0.06882,0.16772,1.0,0.9962,1.0
24,3,13,1000,0.04526,0.01985,0.06804,0.1619,1.0,0.9962,1.0
24,3,14,1000,0.05012,0.0176,0.06323,0.16793,1.0,0.9962,1.0
24,3,15,1000,0.03697,0.015,0.05152,0.11771,1.0,0.9962,1.0
24,3,16,1000,0.03406,0.01435,0.04904,0.10786,1.0,0.9962,1.0
24,3,17,1000,0.02857,0.0119,0.04191,0.08882,1.0,0.9962,1.0
24,3,18,1000,0.02859,0.0118,0.04212,0.10411,1.0,0.9962,1.0
24,3,19,1000,0.02415,0.0101,0.0357,0.09112,1.0,0.9962,1.0
24,3,20,1000,0.0211,0.009,0.03152,0.07683,1.0,0.9962,1.0
24,3,21,1000,0.01872,0.0077,0.02701,0.07583,1.0,0.9962,1.0
24,3,22,1000,0.01836,0.00715,0.02546,0.0695,1.0,0.9962,1.0
24,3,23,1000,0.01529,0.0064,0.02151,0.05344,1.0,0.9962,1.0
24,3,24,1000,0.01432,0.0059,0.0203,0.0495,1.0,0.9962,1.0
24,3,25,1000,0.01185,0.0054,0.01843,0.0412,1.0,0.9962,1.0
24,3,26,1000,0.01026,0.0047,0.0156,0.03604,1.0,0.9962,1.0
24,3,27,1000,0.0088,0.0038,0.0115,0.03531,1.0,0.9962,1.0
24,3,28,1000,0.00788,0.00355,0.0116,0.02701,1.0,0.9962,1.0
24,3,29,1000,0.00714,0.00305,0.01051,0.027,1.0,0.9962,1.0
24,3,30,1000,0.00601,0.0027,0.00852,0.01961,1.0,0.9962,1.0
32,1,-15,1000,2.55887,1.33305,4.0452,8.69495,0.976,0.9645,0.9838
32,1,-14,1000,1.78299,0.8639,2.83024,6.19841,0.993,0.9856,0.9966
32,1,-13,1000,1.45307,0.6259,2.30842,5.49,0.997,0.9912,0.999
32,1,-12,1000,1.03204,0.5043,1.4974,3.39513,1.0,0.9962,1.0
32,1,-11,1000,0.80882,0.36995,1.14974,2.90442,1.0,0.9962,1.0
32,1,-10,1000,0.61498,0.30255,0.9367,2.21019,1.0,0.9962,1.0
32,1,-9,1000,0.52245,0.2509,0.79119,1.90995,1.0,0.9962,1.0
32,1,-8,1000,0.44049,0.19595,0.62522,1.51542,1.0,0.9962,1.0
32,1,-7,1000,0.33279,0.1718,0.48891,1.18147,1.0,0.9962,1.0
32,1,-6,1000,0.30953,0.1407,0.4351,1.21981,1.0,0.9962,1.0
32,1,-5,1000,0.26665,0.12165,0.40205,1.00247,1.0,0.9962,1.0
32,1,-4,1000,0.20876,0.10575,0.31,0.6983,1.0,0.9962,1.0
32,1,-3,1000,0.19083,0.09155,0.27525,0.6664,1.0,0.9962,1.0
32,1,-2,1000,0.16184,0.0751,0.23498,0.61596,1.0,0.9962,1.0
32,1,-1,1000,0.14368,0.0692,0.21855,0.49426,1.0,0.9962,1.0
32,1,0,1000,0.11877,0.06455,0.17711,0.36467,1.0,0.9962,1.0
32,1,1,1000,0.10452,0.05405,0.1585,0.3649,1.0,0.9962,1.0
32,1,2,1000,0.09379,0.0451,0.14217,0.34816,1.0,0.9962,1.0
32,1,3,1000,0.08128,0.0442,0.12671,0.27493,1.0,0.9962,1.0
32,1,4,1000,0.07261,0.03865,0.11036,0.25115,1.0,0.9962,1.0
32,1,5,1000,0.06919,0.03295,0.1068,0.22863,1.0,0.9962,1.0
32,1,6,1000,0.06361,0.0304,0.09108,0.21694,1.0,0.9962,1.0
32,1,7,1000,0.05493,0.0258,0.0796,0.20441,1.0,0.9962,1.0
32,1,8,1000,0.04541,0.0224,0.06633,0.15912,1.0,0.9962,1.0
32,1,9,1000,0.04111,0.0201,0.0589,0.14183,1.0,0.9962,1.0
32,1,10,1000,0.03637,0.0183,0.05431,0.11722,1.0,0.9962,1.0
32,1,11,1000,0.0314,0.015,0.04572,0.11222,1.0,0.9962,1.0
32,1,12,1000,0.02938,0.0137,0.04183,0.10671,1.0,0.9962,1.0
32,1,13,1000,0.02579,0.013,0.03741,0.0913,1.0,0.9962,1.0
32,1,14,1000,0.02381,0.012,0.0345,0.08024,1.0,0.9962,1.0
32,1,15,1000,0.02286,0.01045,0.0308,0.09128,1.0,0.9962,1.0
32,1,16,1000,0.01706,0.0087,0.0271,0.0562,1.0,0.9962,1.0
32,1,17,1000,0.01598,0.008,0.02393,0.061,1.0,0.9962,1.0
32,1,18,1000,0.01513,0.0074,0.0232,0.0581,1.0,0.9962,1.0
32,1,19,1000,0.01233,0.0063,0.0187,0.04172,1.0,0.9962,1.0
32,1,20,1000,0.01151,0.0061,0.01712,0.04201,1.0,0.9962,1.0
32,1,21,1000,0.01037,0.0052,0.0156,0.03791,1.0,0.9962,1.0
32,1,22,1000,0.00915,0.00455,0.0144,0.0322,1.0,0.9962,1.0
32,1,23,1000,0.00916,0.0043,0.014,0.03062,1.0,0.9962,1.0
32,1,24,1000,0.00723,0.00355,0.0111,0.02382,1.0,0.9962,1.0
32,1,25,1000,0.00703,0.0034,0.0105,0.0266,1.0,0.9962,1.0
32,1,26,1000,0.00569,0.003,0.00861,0.0201,1.0,0.9962,1.0
32,1,27,1000,0.00537,0.0027,0.008,0.018,1.0,0.9962,1.0
32,1,28,1000,0.00461,0.0023,0.0072,0.0155,1.0,0.9962,1.0
32,1,29,1000,0.0043,0.0021,0.00641,0.0164,1.0,0.9962,1.0
32,1,30,1000,0.00389,0.0018,0.0057,0.01471,1.0,0.9962,1.0
32,2,-15,1000,2.58833,1.2939,4.12904,8.70048,0.972,0.9598,0.9806
32,2,-14,1000,1.87967,0.85405,2.86655,6.72172,0.988,0.9791,0.9931
32,2,-13,1000,1.40347,0.6133,2.17176,4.92551,0.997,0.9912,0.999
32,2,-12,1000,1.091,0.4386,1.5422,4.08729,0.999,0.9944,0.9998
32,2,-11,1000,0.8629,0.3914,1.13533,3.76757,1.0,0.9962,1.0
32,2,-10,1000,0.63748,0.29405,0.94731,2.30389,1.0,0.9962,1.0
32,2,-9,1000,0.57826,0.25555,0.75646,2.25649,1.0,0.9962,1.0
32,2,-8,1000,0.44139,0.199,0.61778,1.65834,1.0,0.9962,1.0
32,2,-7,1000,0.34791,0.1675,0.48777,1.20993,1.0,0.9962,1.0
32,2,-6,1000,0.30197,0.148,0.43216,1.13651,1.0,0.9962,1.0
32,2,-5,1000,0.28067,0.11935,0.41732,0.92899,1.0,0.9962,1.0
32,2,-4,1000,0.2423,0.1064,0.32262,0.82778,1.0,0.9962,1.0
32,2,-3,1000,0.16933,0.0857,0.26341,0.54772,1.0,0.9962,1.0
32,2,-2,1000,0.16519,0.07765,0.2293,0.56238,1.0,0.9962,1.0
32,2,-1,1000,0.14254,0.06535,0.18831,0.52334,1.0,0.9962,1.0
32,2,0,1000,0.14026,0.0626,0.18749,0.53583,1.0,0.9962,1.0
32,2,1,1000,0.10697,0.04745,0.15392,0.40479,1.0,0.9962,1.0
32,2,2,1000,0.09753,0.048,0.14131,0.34001,1.0,0.9962,1.0
32,2,3,1000,0.09288,0.04335,0.13175,0.34962,1.0,0.9962,1.0
32,2,4,1000,0.08002,0.0387,0.12023,0.28344,1.0,0.9962,1.0
32,2,5,1000,0.06936,0.0313,0.10999,0.25341,1.0,0.9962,1.0
32,2,6,1000,0.06376,0.0274,0.08915,0.2428,1.0,0.9962,1.0
32,2,7,1000,0.05221,0.02625,0.07721,0.18613,1.0,0.9962,1.0
32,2,8,1000,0.04992,0.0246,0.07032,0.16866,1.0,0.9962,1.0
32,2,9,1000,0.04566,0.0207,0.06491,0.16448,1.0,0.9962,1.0
32,2,10,1000,0.03599,0.01655,0.0548,0.12217,1.0,0.9962,1.0
32,2,11,1000,0.03677,0.0175,0.05251,0.12808,1.0,0.9962,1.0
32,2,12,1000,0.02975,0.01515,0.04231,0.10244,1.0,0.9962,1.0
32,2,13,1000,0.02839,0.0138,0.04418,0.10036,1.0,0.9962,1.0
32,2,14,1000,0.02612,0.01205,0.0389,0.09814,1.0,0.9962,1.0
32,2,15,1000,0.02177,0.0101,0.0302,0.0818,1.0,0.9962,1.0
32,2,16,1000,0.01899,0.0092,0.0269,0.06921,1.0,0.9962,1.0
32,2,17,1000,0.01851,0.008,0.0274,0.0754,1.0,0.9962,1.0
32,2,18,1000,0.01583,0.0074,0.02504,0.0599,1.0,0.9962,1.0
32,2,19,1000,0.0132,0.0067,0.0205,0.04531,1.0,0.9962,1.0
32,2,20,1000,0.01257,0.0062,0.01881,0.04611,1.0,0.9962,1.0
32,2,21,1000,0.01069,0.005,0.01571,0.0359,1.0,0.9962,1.0
32,2,22,1000,0.00981,0.0046,0.01471,0.03351,1.0,0.9962,1.0
32,2,23,1000,0.00907,0.0041,0.0134,0.0312,1.0,0.9962,1.0
32,2,24,1000,0.00743,0.0036,0.01121,0.02752,1.0,0.9962,1.0
32,2,25,1000,0.00669,0.0032,0.0107,0.02191,1.0,0.9962,1.0
32,2,26,1000,0.00626,0.0029,0.0093,0.0226,1.0,0.9962,1.0
32,2,27,1000,0.00524,0.0025,0.00761,0.01704,1.0,0.9962,1.0
32,2,28,1000,0.00509,0.0023,0.00771,0.01671,1.0,0.9962,1.0
32,2,29,1000,0.00429,0.00215,0.0065,0.0148,1.0,0.9962,1.0
32,2,30,1000,0.00359,0.0018,0.0055,0.0129,1.0,0.9962,1.0
32,3,-15,1000,2.85553,1.3749,4.70786,8.89243,0.954,0.9392,0.9653
32,3,-14,1000,2.06237,1.03085,3.38845,6.89333,0.988,0.9791,0.9931
32,3,-13,1000,1.61221,0.7329,2.39954,6.0974,0.992,0.9843,0.9959
32,3,-12,1000,1.25165,0.5599,1.84358,4.56226,1.0,0.9962,1.0
32,3,-11,1000,0.98026,0.4346,1.43166,3.29612,0.999,0.9944,0.9998
32,3,-10,1000,0.75754,0.3343,1.06834,2.63996,0.999,0.9944,0.9998
32,3,-9,1000,0.69682,0.28645,0.96162,2.38623,1.0,0.9962,1.0
32,3,-8,1000,0.54198,0.2144,0.76741,1.97901,1.0,0.9962,1.0
32,3,-7,1000,0.44643,0.1829,0.59972,1.60259,0.999,0.9944,0.9998
32,3,-6,1000,0.35051,0.17675,0.55412,1.20543,1.0,0.9962,1.0
32,3,-5,1000,0.32282,0.14025,0.43565,1.29376,1.0,0.9962,1.0
32,3,-4,1000,0.25578,0.11265,0.38244,0.81524,1.0,0.9962,1.0
32,3,-3,1000,0.21653,0.10145,0.31887,0.84542,1.0,0.9962,1.0
32,3,-2,1000,0.19149,0.0843,0.27548,0.72097,1.0,0.9962,1.0
32,3,-1,1000,0.15806,0.0793,0.22531,0.56262,1.0,0.9962,1.0
32,3,0,1000,0.13469,0.06845,0.20723,0.48639,1.0,0.9962,1.0
32,3,1,1000,0.13199,0.06395,0.19411,0.46386,1.0,0.9962,1.0
32,3,2,1000,0.12717,0.05435,0.18426,0.4378,1.0,0.9962,1.0
32,3,3,1000,0.11098,0.0498,0.1728,0.39074,1.0,0.9962,1.0
32,3,4,1000,0.09106,0.0408,0.12927,0.35488,1.0,0.9962,1.0
32,3,5,1000,0.07807,0.03965,0.12032,0.25854,1.0,0.9962,1.0
32,3,6,1000,0.07233,0.03055,0.09655,0.26593,1.0,0.9962,1.0
32,3,7,1000,0.0659,0.031,0.09454,0.25044,1.0,0.9962,1.0
32,3,8,1000,0.05563,0.0254,0.0894,0.21124,1.0,0.9962,1.0
32,3,9,1000,0.05861,0.0241,0.0807,0.18533,1.0,0.9962,1.0
32,3,10,1000,0.04275,0.0205,0.06636,0.1617,1.0,0.9962,1.0
32,3,11,1000,0.0421,0.0193,0.06615,0.13711,1.0,0.9962,1.0
32,3,12,1000,0.03987,0.0168,0.05743,0.15162,1.0,0.9962,1.0
32,3,13,1000,0.03205,0.0152,0.04502,0.12502,1.0,0.9962,1.0
32,3,14,1000,0.03005,0.0132,0.04555,0.116,1.0,0.9962,1.0
32,3,15,1000,0.02608,0.0114,0.03873,0.103,1.0,0.9962,1.0
32,3,16,1000,0.02131,0.0103,0.03259,0.07562,1.0,0.9962,1.0
32,3,17,1000,0.02082,0.0094,0.0309,0.0758,1.0,0.9962,1.0
32,3,18,1000,0.01878,0.0084,0.0275,0.06629,1.0,0.9962,1.0
32,3,19,1000,0.01823,0.0073,0.02453,0.0585,1.0,0.9962,1.0
32,3,20,1000,0.01436,0.0063,0.02082,0.05444,1.0,0.9962,1.0
32,3,21,1000,0.01182,0.0058,0.01792,0.0407,1.0,0.9962,1.0
32,3,22,1000,0.01055,0.005,0.01561,0.03931,1.0,0.9962,1.0
32,3,23,1000,0.01019,0.0047,0.01481,0.0369,1.0,0.9962,1.0
32,3,24,1000,0.00908,0.00445,0.0131,0.0296,1.0,0.9962,1.0
32,3,25,1000,0.00804,0.0036,0.0119,0.0274,1.0,0.9962,1.0
32,3,26,1000,0.00678,0.0034,0.01011,0.02231,1.0,0.9962,1.0
32,3,27,1000,0.00637,0.0029,0.0097,0.0227,1.0,0.9962,1.0
32,3,28,1000,0.00586,0.0028,0.0086,0.0205,1.0,0.9962,1.0
32,3,29,1000,0.0055,0.0023,0.00791,0.01941,1.0,0.9962,1.0
32,3,30,1000,0.00484,0.0021,0.00731,0.0185,1.0,0.9962,1.0
48,1,-15,1000,1.67802,0.7543,2.63894,6.44899,0.997,0.9912,0.999
48,1,-14,1000,1.11332,0.5834,1.672,3.46519,0.998,0.9927,0.9995
48,1,-13,1000,0.97779,0.46715,1.36677,3.55899,1.0,0.9962,1.0
48,1,-12,1000,0.68529,0.3291,1.01184,2.2999,0.999,0.9944,0.9998
48,1,-11,1000,0.52821,0.2638,0.79427,1.85304,1.0,0.9962,1.0
48,1,-10,1000,0.46465,0.21655,0.65621,1.95702,1.0,0.9962,1.0
48,1,-9,1000,0.34305,0.16715,0.50041,1.14023,1.0,0.9962,1.0
48,1,-8,1000,0.28241,0.132,0.42442,0.95274,1.0,0.9962,1.0
48,1,-7,1000,0.23082,0.1183,0.35895,0.7753,1.0,0.9962,1.0
48,1,-6,1000,0.19784,0.09455,0.30604,0.67977,1.0,0.9962,1.0
48,1,-5,1000,0.16783,0.0801,0.25201,0.61233,1.0,0.9962,1.0
48,1,-4,1000,0.15034,0.0686,0.21074,0.59821,1.0,0.9962,1.0
48,1,-3,1000,0.12858,0.06475,0.18342,0.47023,1.0,0.9962,1.0
48,1,-2,1000,0.10421,0.0517,0.15861,0.35492,1.0,0.9962,1.0
48,1,-1,1000,0.10001,0.0487,0.14273,0.33701,1.0,0.9962,1.0
48,1,0,1000,0.0815,0.04005,0.11401,0.26948,1.0,0.9962,1.0
48,1,1,1000,0.0732,0.0368,0.10915,0.27119,1.0,0.9962,1.0
48,1,2,1000,0.05981,0.03095,0.08885,0.19546,1.0,0.9962,1.0
48,1,3,1000,0.05875,0.0313,0.08666,0.21725,1.0,0.9962,1.0
48,1,4,1000,0.0484,0.0252,0.07371,0.14848,1.0,0.9962,1.0
48,1,5,1000,0.04519,0.0223,0.06442,0.16261,1.0,0.9962,1.0
48,1,6,1000,0.04055,0.01915,0.0579,0.15736,1.0,0.9962,1.0
48,1,7,1000,0.03809,0.01805,0.05384,0.14602,1.0,0.9962,1.0
48,1,8,1000,0.03097,0.0146,0.0429,0.11661,1.0,0.9962,1.0
48,1,9,1000,0.0279,0.0131,0.04101,0.09821,1.0,0.9962,1.0
48,1,10,1000,0.02402,0.01235,0.03731,0.07693,1.0,0.9962,1.0
48,1,11,1000,0.02413,0.0109,0.035,0.10072,1.0,0.9962,1.0
48,1,12,1000,0.01848,0.00935,0.02992,0.05951,1.0,0.9962,1.0
48,1,13,1000,0.01734,0.00825,0.02654,0.0569,1.0,0.9962,1.0
48,1,14,1000,0.01655,0.0075,0.02365,0.06402,1.0,0.9962,1.0
48,1,15,1000,0.01401,0.0063,0.0205,0.05062,1.0,0.9962,1.0
48,1,16,1000,0.01207,0.0062,0.0183,0.04021,1.0,0.9962,1.0
48,1,17,1000,0.01011,0.0051,0.016,0.03401,1.0,0.9962,1.0
48,1,18,1000,0.00979,0.005,0.0139,0.03311,1.0,0.9962,1.0
48,1,19,1000,0.00881,0.00435,0.01301,0.03101,1.0,0.9962,1.0
48,1,20,1000,0.00782,0.0042,0.0118,0.02541,1.0,0.9962,1.0
48,1,21,1000,0.00689,0.00355,0.0103,0.0239,1.0,0.9962,1.0
48,1,22,1000,0.00671,0.003,0.0095,0.02521,1.0,0.9962,1.0
48,1,23,1000,0.00531,0.0026,0.0083,0.0184,1.0,0.9962,1.0
48,1,24,1000,0.00457,0.0022,0.0065,0.01621,1.0,0.9962,1.0
48,1,25,1000,0.00427,0.0022,0.00641,0.0152,1.0,0.9962,1.0
48,1,26,1000,0.00387,0.0018,0.0059,0.013,1.0,0.9962,1.0
48,1,27,1000,0.00353,0.0017,0.0052,0.0122,1.0,0.9962,1.0
48,1,28,1000,0.00323,0.0015,0.0047,0.0119,1.0,0.9962,1.0
48,1,29,1000,0.00284,0.0013,0.00421,0.0102,1.0,0.9962,1.0
48,1,30,1000,0.0026,0.0012,0.0036,0.0095,1.0,0.9962,1.0
48,2,-15,1000,1.72184,0.8532,2.79138,5.7638,0.993,0.9856,0.9966
48,2,-14,1000,1.34463,0.58115,1.97823,5.01224,0.998,0.9927,0.9995
48,2,-13,1000,0.90655,0.42695,1.36462,3.76864,1.0,0.9962,1.0
48,2,-12,1000,0.65226,0.3329,0.99171,2.34101,1.0,0.9962,1.0
48,2,-11,1000,0.54547,0.2499,0.76893,2.00365,1.0,0.9962,1.0
48,2,-10,1000,0.409,0.2002,0.6152,1.42113,1.0,0.9962,1.0
48,2,-9,1000,0.32846,0.14385,0.50026,1.11722,1.0,0.9962,1.0
48,2,-8,1000,0.27053,0.13505,0.41202,0.92612,1.0,0.9962,1.0
48,2,-7,1000,0.21642,0.11545,0.33778,0.68338,1.0,0.9962,1.0
48,2,-6,1000,0.19469,0.1024,0.29751,0.71103,1.0,0.9962,1.0
48,2,-5,1000,0.16853,0.08495,0.2484,0.56566,1.0,0.9962,1.0
48,2,-4,1000,0.14215,0.06925,0.20302,0.50665,1.0,0.9962,1.0
48,2,-3,1000,0.1241,0.0594,0.1867,0.38449,1.0,0.9962,1.0
48,2,-2,1000,0.10466,0.0518,0.1576,0.37339,1.0,0.9962,1.0
48,2,-1,1000,0.10273,0.05145,0.14052,0.41574,1.0,0.9962,1.0
48,2,0,1000,0.08852,0.0412,0.11745,0.31595,1.0,0.9962,1.0
48,2,1,1000,0.07492,0.03655,0.1114,0.23442,1.0,0.9962,1.0
48,2,2,1000,0.06304,0.0321,0.09791,0.20338,1.0,0.9962,1.0
48,2,3,1000,0.0558,0.02815,0.08063,0.20514,1.0,0.9962,1.0
48,2,4,1000,0.05254,0.0249,0.07982,0.21181,1.0,0.9962,1.0
48,2,5,1000,0.04596,0.0236,0.0714,0.15007,1.0,0.9962,1.0
48,2,6,1000,0.04225,0.0202,0.0624,0.16195,1.0,0.9962,1.0
48,2,7,1000,0.03729,0.0172,0.05564,0.13522,1.0,0.9962,1.0
48,2,8,1000,0.03228,0.0158,0.04451,0.11293,1.0,0.9962,1.0
48,2,9,1000,0.02774,0.0141,0.04113,0.10172,1.0,0.9962,1.0
48,2,10,1000,0.02477,0.0121,0.03392,0.09673,1.0,0.9962,1.0
48,2,11,1000,0.02209,0.0112,0.0333,0.0818,1.0,0.9962,1.0
48,2,12,1000,0.0216,0.0102,0.0311,0.08296,1.0,0.9962,1.0
48,2,13,1000,0.0183,0.0091,0.02833,0.07332,1.0,0.9962,1.0
48,2,14,1000,0.01624,0.00735,0.02471,0.05592,1.0,0.9962,1.0
48,2,15,1000,0.01402,0.0071,0.01983,0.05163,1.0,0.9962,1.0
48,2,16,1000,0.01335,0.0062,0.01973,0.04631,1.0,0.9962,1.0
48,2,17,1000,0.01179,0.0055,0.01681,0.039,1.0,0.9962,1.0
48,2,18,1000,0.00975,0.00505,0.01481,0.0369,1.0,0.9962,1.0
48,2,19,1000,0.00894,0.0041,0.01292,0.03232,1.0,0.9962,1.0
48,2,20,1000,0.00745,0.0037,0.01111,0.0259,1.0,0.9962,1.0
48,2,21,1000,0.0067,0.0034,0.0099,0.0256,1.0,0.9962,1.0
48,2,22,1000,0.00599,0.003,0.0093,0.02091,1.0,0.9962,1.0
48,2,23,1000,0.00565,0.00265,0.00861,0.02021,1.0,0.9962,1.0
48,2,24,1000,0.00539,0.0026,0.0082,0.0191,1.0,0.9962,1.0
48,2,25,1000,0.00419,0.002,0.0063,0.0135,1.0,0.9962,1.0
48,2,26,1000,0.00372,0.0019,0.0058,0.0121,1.0,0.9962,1.0
48,2,27,1000,0.00382,0.0017,0.0055,0.0131,1.0,0.9962,1.0
48,2,28,1000,0.0031,0.0015,0.00451,0.0107,1.0,0.9962,1.0
48,2,29,1000,0.00282,0.0015,0.00441,0.0099,1.0,0.9962,1.0
48,2,30,1000,0.0025,0.0012,0.0038,0.0092,1.0,0.9962,1.0
48,3,-15,1000,1.91879,0.9209,3.176,6.41756,0.987,0.9779,0.9924
48,3,-14,1000,1.50059,0.6452,2.34844,5.50617,0.993,0.9856,0.9966
48,3,-13,1000,1.19334,0.516,1.78933,4.37058,0.998,0.9927,0.9995
48,3,-12,1000,0.85276,0.38255,1.2692,3.06945,1.0,0.9962,1.0
48,3,-11,1000,0.6029,0.2993,0.90374,2.01574,1.0,0.9962,1.0
48,3,-10,1000,0.51453,0.2407,0.7485,1.85635,1.0,0.9962,1.0
48,3,-9,1000,0.40676,0.1951,0.64689,1.32277,1.0,0.9962,1.0
48,3,-8,1000,0.34381,0.1696,0.5208,1.07829,1.0,0.9962,1.0
48,3,-7,1000,0.26225,0.12785,0.39484,0.9126,1.0,0.9962,1.0
48,3,-6,1000,0.21,0.10775,0.33193,0.74922,1.0,0.9962,1.0
48,3,-5,1000,0.20275,0.0893,0.30106,0.81331,1.0,0.9962,1.0
48,3,-4,1000,0.16041,0.07925,0.24624,0.51153,1.0,0.9962,1.0
48,3,-3,1000,0.14365,0.0726,0.23517,0.51317,1.0,0.9962,1.0
48,3,-2,1000,0.1232,0.0588,0.19121,0.40861,1.0,0.9962,1.0
48,3,-1,1000,0.11301,0.05295,0.17482,0.40073,1.0,0.9962,1.0
48,3,0,1000,0.09739,0.0446,0.15734,0.3241,1.0,0.9962,1.0
48,3,1,1000,0.08789,0.04155,0.14041,0.32681,1.0,0.9962,1.0
48,3,2,1000,0.07655,0.03415,0.1148,0.27316,1.0,0.9962,1.0
48,3,3,1000,0.06897,0.0331,0.10588,0.2293,1.0,0.9962,1.0
48,3,4,1000,0.06058,0.0265,0.08723,0.2109,1.0,0.9962,1.0
48,3,5,1000,0.05597,0.02525,0.08243,0.20461,1.0,0.9962,1.0
48,3,6,1000,0.04535,0.02195,0.07221,0.14921,1.0,0.9962,1.0
48,3,7,1000,0.03754,0.0199,0.06091,0.13001,1.0,0.9962,1.0
48,3,8,1000,0.03474,0.01655,0.05072,0.12667,1.0,0.9962,1.0
48,3,9,1000,0.03119,0.01525,0.0463,0.10382,1.0,0.9962,1.0
48,3,10,1000,0.02818,0.0138,0.04211,0.10046,1.0,0.9962,1.0
48,3,11,1000,0.02707,0.01275,0.0429,0.0907,1.0,0.9962,1.0
48,3,12,1000,0.02136,0.01065,0.03321,0.06817,1.0,0.9962,1.0
48,3,13,1000,0.02149,0.01,0.02953,0.07557,1.0,0.9962,1.0
48,3,14,1000,0.01763,0.0085,0.02792,0.05704,1.0,0.9962,1.0
48,3,15,1000,0.01644,0.0073,0.02581,0.05752,1.0,0.9962,1.0
48,3,16,1000,0.01473,0.0065,0.0226,0.05771,1.0,0.9962,1.0
48,3,17,1000,0.01271,0.0061,0.01941,0.04421,1.0,0.9962,1.0
48,3,18,1000,0.01158,0.0056,0.01762,0.04411,1.0,0.9962,1.0
48,3,19,1000,0.01086,0.0049,0.01681,0.03721,1.0,0.9962,1.0
48,3,20,1000,0.009,0.0042,0.0138,0.0301,1.0,0.9962,1.0
48,3,21,1000,0.00843,0.0038,0.01261,0.0271,1.0,0.9962,1.0
48,3,22,1000,0.00719,0.0032,0.011,0.02641,1.0,0.9962,1.0
48,3,23,1000,0.00682,0.0031,0.01061,0.0227,1.0,0.9962,1.0
48,3,24,1000,0.00568,0.0028,0.00891,0.01971,1.0,0.9962,1.0
48,3,25,1000,0.00543,0.00245,0.00851,0.0184,1.0,0.9962,1.0
48,3,26,1000,0.00424,0.0021,0.0065,0.0155,1.0,0.9962,1.0
48,3,27,1000,0.00392,0.0019,0.0059,0.0143,1.0,0.9962,1.0
48,3,28,1000,0.0037,0.0017,0.0056,0.0131,1.0,0.9962,1.0
48,3,29,1000,0.00318,0.0015,0.005,0.0111,1.0,0.9962,1.0
48,3,30,1000,0.00287,0.0014,0.0043,0.0099,1.0,0.9962,1.0
64,1,-15,1000,1.28572,0.5962,1.9923,4.1778,0.996,0.9898,0.9984
64,1,-14,1000,0.9599,0.4458,1.38175,3.3261,1.0,0.9962,1.0
64,1,-13,1000,0.67011,0.336,1.00112,2.15195,0.999,0.9944,0.9998
64,1,-12,1000,0.57354,0.252,0.86333,2.0143,1.0,0.9962,1.0
64,1,-11,1000,0.43565,0.214,0.63173,1.64756,1.0,0.9962,1.0
64,1,-10,1000,0.3336,0.15965,0.47773,1.32012,1.0,0.9962,1.0
64,1,-9,1000,0.26722,0.1276,0.40709,1.05802,1.0,0.9962,1.0
64,1,-8,1000,0.21494,0.1101,0.32312,0.7367,1.0,0.9962,1.0
64,1,-7,1000,0.17102,0.0805,0.24737,0.66111,1.0,0.9962,1.0
64,1,-6,1000,0.14989,0.0778,0.22605,0.55129,1.0,0.9962,1.0
64,1,-5,1000,0.12917,0.05675,0.19477,0.48405,1.0,0.9962,1.0
64,1,-4,1000,0.10846,0.05305,0.16851,0.37333,1.0,0.9962,1.0
64,1,-3,1000,0.09473,0.04665,0.14373,0.34395,1.0,0.9962,1.0
64,1,-2,1000,0.08468,0.0418,0.12492,0.2769,1.0,0.9962,1.0
64,1,-1,1000,0.07033,0.03485,0.10502,0.25414,1.0,0.9962,1.0
64,1,0,1000,0.06137,0.0313,0.09356,0.21062,1.0,0.9962,1.0
64,1,1,1000,0.05704,0.02765,0.08875,0.19722,1.0,0.9962,1.0
64,1,2,1000,0.04807,0.02295,0.07091,0.1697,1.0,0.9962,1.0
64,1,3,1000,0.04412,0.0209,0.06452,0.15736,1.0,0.9962,1.0
64,1,4,1000,0.03782,0.01775,0.05822,0.12885,1.0,0.9962,1.0
64,1,5,1000,0.03334,0.0163,0.05183,0.11455,1.0,0.9962,1.0
64,1,6,1000,0.02838,0.0145,0.04132,0.10032,1.0,0.9962,1.0
64,1,7,1000,0.02678,0.0131,0.0389,0.0946,1.0,0.9962,1.0
64,1,8,1000,0.02411,0.01265,0.03511,0.08006,1.0,0.9962,1.0
64,1,9,1000,0.02178,0.0111,0.03211,0.07941,1.0,0.9962,1.0
64,1,10,1000,0.01825,0.0092,0.02882,0.05931,1.0,0.9962,1.0
64,1,11,1000,0.01559,0.008,0.02422,0.05461,1.0,0.9962,1.0
64,1,12,1000,0.01506,0.0075,0.02241,0.05421,1.0,0.9962,1.0
64,1,13,1000,0.01336,0.0066,0.0194,0.0506,1.0,0.9962,1.0
64,1,14,1000,0.01126,0.0056,0.0169,0.04181,1.0,0.9962,1.0
64,1,15,1000,0.01044,0.0047,0.01521,0.0381,1.0,0.9962,1.0
64,1,16,1000,0.00882,0.0045,0.01381,0.0292,1.0,0.9962,1.0
64,1,17,1000,0.00824,0.0042,0.01271,0.02622,1.0,0.9962,1.0
64,1,18,1000,0.00715,0.0036,0.0112,0.0242,1.0,0.9962,1.0
64,1,19,1000,0.00642,0.0031,0.00983,0.02151,1.0,0.9962,1.0
64,1,20,1000,0.00591,0.0029,0.0087,0.0227,1.0,0.9962,1.0
64,1,21,1000,0.00542,0.0027,0.008,0.01811,1.0,0.9962,1.0
64,1,22,1000,0.00456,0.0023,0.00661,0.0162,1.0,0.9962,1.0
64,1,23,1000,0.00384,0.002,0.0059,0.0129,1.0,0.9962,1.0
64,1,24,1000,0.00358,0.0018,0.0055,0.0124,1.0,0.9962,1.0
64,1,25,1000,0.00339,0.0016,0.005,0.0115,1.0,0.9962,1.0
64,1,26,1000,0.00282,0.0015,0.0042,0.0099,1.0,0.9962,1.0
64,1,27,1000,0.0025,0.0013,0.0038,0.009,1.0,0.9962,1.0
64,1,28,1000,0.0022,0.0011,0.00321,0.0073,1.0,0.9962,1.0
64,1,29,1000,0.00211,0.001,0.0033,0.0075,1.0,0.9962,1.0
64,1,30,1000,0.00178,0.0009,0.0027,0.0064,1.0,0.9962,1.0
64,2,-15,1000,1.24762,0.5962,1.99627,4.01738,0.998,0.9927,0.9995
64,2,-14,1000,0.95838,0.44005,1.41652,3.52953,1.0,0.9962,1.0
64,2,-13,1000,0.72292,0.3556,1.02629,2.71795,1.0,0.9962,1.0
64,2,-12,1000,0.57401,0.2678,0.83213,2.23771,1.0,0.9962,1.0
64,2,-11,1000,0.44894,0.2003,0.63609,1.61781,1.0,0.9962,1.0
64,2,-10,1000,0.35602,0.1655,0.53931,1.19236,1.0,0.9962,1.0
64,2,-9,1000,0.24734,0.12985,0.40067,0.84028,1.0,0.9962,1.0
64,2,-8,1000,0.22192,0.1081,0.31068,0.82055,1.0,0.9962,1.0
64,2,-7,1000,0.18542,0.0903,0.27586,0.62139,1.0,0.9962,1.0
64,2,-6,1000,0.15828,0.0705,0.2287,0.56403,1.0,0.9962,1.0
64,2,-5,1000,0.13986,0.06125,0.20851,0.52359,1.0,0.9962,1.0
64,2,-4,1000,0.11283,0.05415,0.17611,0.38976,1.0,0.9962,1.0
64,2,-3,1000,0.09276,0.04565,0.13773,0.33083,1.0,0.9962,1.0
64,2,-2,1000,0.08027,0.0404,0.12144,0.28474,1.0,0.9962,1.0
64,2,-1,1000,0.07103,0.03505,0.10333,0.26727,1.0,0.9962,1.0
64,2,0,1000,0.06695,0.0295,0.09739,0.2509,1.0,0.9962,1.0
64,2,1,1000,0.05735,0.0304,0.08841,0.18981,1.0,0.9962,1.0
64,2,2,1000,0.04816,0.02455,0.0741,0.16765,1.0,0.9962,1.0
64,2,3,1000,0.04136,0.0223,0.06434,0.13184,1.0,0.9962,1.0
64,2,4,1000,0.04164,0.0192,0.06134,0.15401,1.0,0.9962,1.0
64,2,5,1000,0.03153,0.01575,0.04422,0.10722,1.0,0.9962,1.0
64,2,6,1000,0.02858,0.01435,0.0441,0.09781,1.0,0.9962,1.0
64,2,7,1000,0.02654,0.01345,0.04,0.08506,1.0,0.9962,1.0
64,2,8,1000,0.02343,0.0114,0.03347,0.08731,1.0,0.9962,1.0
64,2,9,1000,0.02269,0.0105,0.03243,0.08791,1.0,0.9962,1.0
64,2,10,1000,0.01762,0.0094,0.02611,0.0622,1.0,0.9962,1.0
64,2,11,1000,0.01769,0.00825,0.02685,0.06021,1.0,0.9962,1.0
64,2,12,1000,0.01641,0.0075,0.02591,0.05697,1.0,0.9962,1.0
64,2,13,1000,0.01391,0.007,0.02101,0.04921,1.0,0.9962,1.0
64,2,14,1000,0.01152,0.0059,0.0179,0.03931,1.0,0.9962,1.0
64,2,15,1000,0.01078,0.005,0.0152,0.03891,1.0,0.9962,1.0
64,2,16,1000,0.01035,0.00445,0.01393,0.03752,1.0,0.9962,1.0
64,2,17,1000,0.00853,0.0041,0.01271,0.0307,1.0,0.9962,1.0
64,2,18,1000,0.0075,0.00355,0.01131,0.0275,1.0,0.9962,1.0
64,2,19,1000,0.00719,0.0033,0.01021,0.02672,1.0,0.9962,1.0
64,2,20,1000,0.00567,0.003,0.00841,0.0202,1.0,0.9962,1.0
64,2,21,1000,0.00481,0.0026,0.0075,0.0165,1.0,0.9962,1.0
64,2,22,1000,0.0049,0.0023,0.0069,0.0179,1.0,0.9962,1.0
64,2,23,1000,0.00406,0.002,0.0056,0.01721,1.0,0.9962,1.0
64,2,24,1000,0.00385,0.0017,0.0059,0.0131,1.0,0.9962,1.0
64,2,25,1000,0.00337,0.0016,0.0053,0.01191,1.0,0.9962,1.0
64,2,26,1000,0.00297,0.0014,0.0043,0.011,1.0,0.9962,1.0
64,2,27,1000,0.00283,0.0013,0.004,0.0116,1.0,0.9962,1.0
64,2,28,1000,0.00238,0.0011,0.00351,0.0092,1.0,0.9962,1.0
64,2,29,1000,0.00196,0.001,0.0029,0.0069,1.0,0.9962,1.0
64,2,30,1000,0.0018,0.0009,0.0026,0.0065,1.0,0.9962,1.0
64,3,-15,1000,1.41656,0.7066,2.11794,5.08284,0.995,0.9883,0.9979
64,3,-14,1000,1.14916,0.49485,1.60017,4.8762,1.0,0.9962,1.0
64,3,-13,1000,0.89258,0.3866,1.26652,3.36013,1.0,0.9962,1.0
64,3,-12,1000,0.64108,0.2858,0.87898,2.23311,1.0,0.9962,1.0
64,3,-11,1000,0.46684,0.2262,0.73904,1.65426,0.999,0.9944,0.9998
64,3,-10,1000,0.41899,0.1735,0.5918,1.56658,1.0,0.9962,1.0
64,3,-9,1000,0.31053,0.14065,0.46291,1.06423,1.0,0.9962,1.0
64,3,-8,1000,0.2626,0.1187,0.40541,0.90808,1.0,0.9962,1.0
64,3,-7,1000,0.21528,0.0974,0.34626,0.76889,1.0,0.9962,1.0
64,3,-6,1000,0.18001,0.0837,0.27671,0.6306,1.0,0.9962,1.0
64,3,-5,1000,0.15581,0.073,0.23052,0.56483,1.0,0.9962,1.0
64,3,-4,1000,0.12678,0.0628,0.19872,0.38659,1.0,0.9962,1.0
64,3,-3,1000,0.11674,0.05585,0.18781,0.40528,1.0,0.9962,1.0
64,3,-2,1000,0.10651,0.0493,0.16016,0.39117,1.0,0.9962,1.0
64,3,-1,1000,0.08769,0.0431,0.13653,0.2836,1.0,0.9962,1.0
64,3,0,1000,0.0737,0.03345,0.11494,0.25812,1.0,0.9962,1.0
64,3,1,1000,0.06207,0.03065,0.09069,0.23096,1.0,0.9962,1.0
64,3,2,1000,0.0545,0.0264,0.08727,0.1757,1.0,0.9962,1.0
64,3,3,1000,0.04915,0.0239,0.07626,0.17447,1.0,0.9962,1.0
64,3,4,1000,0.04327,0.0218,0.06755,0.14692,1.0,0.9962,1.0
64,3,5,1000,0.03906,0.01925,0.06181,0.13421,1.0,0.9962,1.0
64,3,6,1000,0.0336,0.01645,0.05459,0.11002,1.0,0.9962,1.0
64,3,7,1000,0.03131,0.0142,0.0487,0.1177,1.0,0.9962,1.0
64,3,8,1000,0.02797,0.0135,0.0421,0.09486,1.0,0.9962,1.0
64,3,9,1000,0.02447,0.0123,0.03643,0.08901,1.0,0.9962,1.0
64,3,10,1000,0.02018,0.0098,0.03054,0.07003,1.0,0.9962,1.0
64,3,11,1000,0.01927,0.0091,0.02642,0.06565,1.0,0.9962,1.0
64,3,12,1000,0.01617,0.0082,0.02401,0.05601,1.0,0.9962,1.0
64,3,13,1000,0.01581,0.0075,0.02242,0.04725,1.0,0.9962,1.0
64,3,14,1000,0.01322,0.0062,0.02121,0.04621,1.0,0.9962,1.0
64,3,15,1000,0.01256,0.00585,0.01881,0.04491,1.0,0.9962,1.0
64,3,16,1000,0.01075,0.00505,0.01681,0.04001,1.0,0.9962,1.0
64,3,17,1000,0.00902,0.0042,0.01401,0.0302,1.0,0.9962,1.0
64,3,18,1000,0.00913,0.0044,0.0143,0.0311,1.0,0.9962,1.0
64,3,19,1000,0.00765,0.0038,0.0121,0.02601,1.0,0.9962,1.0
64,3,20,1000,0.00657,0.0032,0.01032,0.0217,1.0,0.9962,1.0
64,3,21,1000,0.0056,0.0026,0.00851,0.0208,1.0,0.9962,1.0
64,3,22,1000,0.0052,0.0025,0.00841,0.0189,1.0,0.9962,1.0
64,3,23,1000,0.00484,0.0022,0.007,0.0183,1.0,0.9962,1.0
64,3,24,1000,0.00385,0.00195,0.0062,0.0124,1.0,0.9962,1.0
64,3,25,1000,0.0038,0.0018,0.00571,0.01291,1.0,0.9962,1.0
64,3,26,1000,0.00331,0.0015,0.00481,0.012,1.0,0.9962,1.0
64,3,27,1000,0.00319,0.0016,0.0049,0.01111,1.0,0.9962,1.0
64,3,28,1000,0.00261,0.0013,0.004,0.009,1.0,0.9962,1.0
64,3,29,1000,0.00231,0.0011,0.0037,0.0078,1.0,0.9962,1.0
64,3,30,1000,0.0021,0.0011,0.0032,0.007,1.0,0.9962,1.0
